Time;Pos;Velocity
103489;5.292234;0.100000
103500;5.292234;0.100000
103511;5.292234;0.100000
103522;5.292234;0.100000
103533;5.292234;0.100000
103544;5.292234;0.100000
103555;5.292234;0.100000
103566;5.292234;0.100000
103577;5.292234;0.100000
103588;5.292234;0.100000
103599;5.301438;0.100000
103610;5.309108;0.100000
103621;5.309108;0.100000
103632;5.309108;0.100000
103643;5.309108;0.100000
103654;5.309108;0.100000
103665;5.309108;0.100000
103676;5.309108;0.100000
103687;5.309108;0.100000
103698;5.309108;0.100000
103709;5.309108;0.100000
103720;5.309108;0.100000
103731;5.309108;0.100000
103742;5.309108;0.100000
103753;5.315244;0.100000
103764;5.325982;0.100000
103775;5.325982;0.100000
103786;5.325982;0.100000
103797;5.325982;0.100000
103808;5.325982;0.100000
103819;5.325982;0.100000
103830;5.325982;0.100000
103841;5.325982;0.100000
103852;5.325982;0.100000
103863;5.325982;0.100000
103874;5.325982;0.100000
103885;5.325982;0.100000
103896;5.325982;0.100000
103907;5.325982;0.100000
103918;5.339787;0.100000
103929;5.342855;0.100000
103940;5.342855;0.100000
103951;5.342855;0.100000
103962;5.342855;0.100000
103973;5.342855;0.100000
103984;5.342855;0.100000
103995;5.342855;0.100000
104006;5.342855;0.100000
104017;5.342855;0.100000
104028;5.342855;0.100000
104039;5.342855;0.100000
104050;5.342855;0.100000
104061;5.342855;0.100000
104072;5.353593;0.100000
104083;5.359729;0.100000
104094;5.361263;0.100000
104105;5.361263;0.100000
104116;5.361263;0.100000
104127;5.361263;0.100000
104138;5.361263;0.100000
104149;5.361263;0.100000
104160;5.361263;0.100000
104171;5.361263;0.100000
104182;5.359729;0.100000
104193;5.361263;0.100000
104204;5.361263;0.100000
104215;5.361263;0.100000
104226;5.367399;0.100000
104237;5.378137;0.100000
104248;5.378137;0.100000
104259;5.378137;0.100000
104270;5.378137;0.100000
104281;5.378137;0.100000
104292;5.378137;0.100000
104303;5.378137;0.100000
104314;5.378137;0.100000
104325;5.378137;0.100000
104336;5.378137;0.100000
104347;5.378137;0.100000
104358;5.378137;0.100000
104369;5.378137;0.100000
104380;5.381205;0.100000
104391;5.391943;0.100000
104402;5.393476;0.100000
104413;5.393476;0.100000
104424;5.393476;0.100000
104435;5.393476;0.100000
104446;5.393476;0.100000
104457;5.393476;0.100000
104468;5.395010;0.100000
104479;5.393476;0.100000
104490;5.393476;0.100000
104501;5.393476;0.100000
104512;5.393476;0.100000
104523;5.393476;0.100000
104534;5.395010;0.100000
104545;5.405748;0.100000
104556;5.411884;0.100000
104567;5.411884;0.100000
104578;5.411884;0.100000
104589;5.411884;0.100000
104600;5.411884;0.100000
104611;5.411884;0.100000
104622;5.411884;0.100000
104633;5.411884;0.100000
104644;5.411884;0.100000
104655;5.411884;0.100000
104666;5.411884;0.100000
104677;5.411884;0.100000
104688;5.411884;0.100000
104699;5.419554;0.100000
104710;5.428758;0.100000
104721;5.428758;0.100000
104732;5.428758;0.100000
104743;5.428758;0.100000
104754;5.428758;0.100000
104765;5.428758;0.100000
104776;5.428758;0.100000
104787;5.428758;0.100000
104798;5.428758;0.100000
104809;5.428758;0.100000
104820;5.428758;0.100000
104831;5.428758;0.100000
104842;5.428758;0.100000
104853;5.433360;0.100000
104864;5.444098;0.100000
104875;5.445632;0.100000
104886;5.445632;0.100000
104897;5.445632;0.100000
104908;5.445632;0.100000
104919;5.445632;0.100000
104930;5.445632;0.100000
104941;5.445632;0.100000
104952;5.445632;0.100000
104963;5.445632;0.100000
104974;5.445632;0.100000
104985;5.445632;0.100000
104996;5.445632;0.100000
105007;5.447166;0.100000
105018;5.457904;0.100000
105029;5.460972;0.100000
105040;5.460972;0.100000
105051;5.462506;0.100000
105062;5.460972;0.100000
105073;5.460972;0.100000
105084;5.460972;0.100000
105095;5.462506;0.100000
105106;5.462506;0.100000
105117;5.460972;0.100000
105128;5.462506;0.100000
105139;5.460972;0.100000
105150;5.460972;0.100000
105161;5.460972;0.100000
105172;5.471710;0.100000
105183;5.479380;0.100000
105194;5.479380;0.100000
105205;5.479380;0.100000
105216;5.479380;0.100000
105227;5.479380;0.100000
105238;5.479380;0.100000
105249;5.479380;0.100000
105260;5.479380;0.100000
105271;5.479380;0.100000
105282;5.479380;0.100000
105293;5.479380;0.100000
105304;5.479380;0.100000
105315;5.479380;0.100000
105326;5.483982;0.100000
105337;5.496253;0.100000
105348;5.496253;0.100000
105359;5.496253;0.100000
105370;5.496253;0.100000
105381;5.496253;0.100000
105392;5.496253;0.100000
105403;5.496253;0.100000
105414;5.496253;0.100000
105425;5.496253;0.100000
105436;5.496253;0.100000
105447;5.496253;0.100000
105458;5.496253;0.100000
105469;5.496253;0.100000
105480;5.496253;0.100000
105491;5.510059;0.100000
105502;5.513127;0.100000
105513;5.513127;0.100000
105524;5.513127;0.100000
105535;5.513127;0.100000
105546;5.513127;0.100000
105557;5.513127;0.100000
105568;5.513127;0.100000
105579;5.513127;0.100000
105590;5.513127;0.100000
105601;5.513127;0.100000
105612;5.513127;0.100000
105623;5.513127;0.100000
105634;5.513127;0.100000
105645;5.522331;0.100000
105656;5.528467;0.100000
105667;5.528467;0.100000
105678;5.528467;0.100000
105689;5.528467;0.100000
105700;5.528467;0.100000
105711;5.528467;0.100000
105722;5.528467;0.100000
105733;5.528467;0.100000
105744;5.528467;0.100000
105755;5.528467;0.100000
105766;5.528467;0.100000
105777;5.528467;0.100000
105788;5.528467;0.100000
105799;5.536137;0.100000
105810;5.546875;0.100000
105821;5.545341;0.100000
105832;5.545341;0.100000
105843;5.545341;0.100000
105854;5.545341;0.100000
105865;5.545341;0.100000
105876;5.545341;0.100000
105887;5.545341;0.100000
105898;5.545341;0.100000
105909;5.545341;0.100000
105920;5.545341;0.100000
105931;5.545341;0.100000
105942;5.545341;0.100000
105953;5.549942;0.100000
105964;5.560680;0.100000
105975;5.562214;0.100000
105986;5.562214;0.100000
105997;5.562214;0.100000
106008;5.562214;0.100000
106019;5.562214;0.100000
106030;5.562214;0.100000
106041;5.562214;0.100000
106052;5.562214;0.100000
106063;5.562214;0.100000
106074;5.562214;0.100000
106085;5.562214;0.100000
106096;5.562214;0.100000
106107;5.562214;0.100000
106118;5.574486;0.100000
106129;5.579088;0.100000
106140;5.579088;0.100000
106151;5.579088;0.100000
106162;5.579088;0.100000
106173;5.579088;0.100000
106184;5.579088;0.100000
106195;5.579088;0.100000
106206;5.579088;0.100000
106217;5.579088;0.100000
106228;5.579088;0.100000
106239;5.579088;0.100000
106250;5.579088;0.100000
106261;5.579088;0.100000
106272;5.586758;0.100000
106283;5.594428;0.100000
106294;5.594428;0.100000
106305;5.594428;0.100000
106316;5.595962;0.100000
106327;5.594428;0.100000
106338;5.594428;0.100000
106349;5.594428;0.100000
106360;5.595962;0.100000
106371;5.594428;0.100000
106382;5.594428;0.100000
106393;5.594428;0.100000
106404;5.594428;0.100000
106415;5.594428;0.100000
106426;5.599030;0.100000
106437;5.611302;0.100000
106448;5.611302;0.100000
106459;5.611302;0.100000
106470;5.611302;0.100000
106481;5.611302;0.100000
106492;5.611302;0.100000
106503;5.611302;0.100000
106514;5.611302;0.100000
106525;5.611302;0.100000
106536;5.611302;0.100000
106547;5.611302;0.100000
106558;5.611302;0.100000
106569;5.611302;0.100000
106580;5.612836;0.100000
106591;5.623574;0.100000
106602;5.628176;0.100000
106613;5.628176;0.100000
106624;5.628176;0.100000
106635;5.628176;0.100000
106646;5.628176;0.100000
106657;5.628176;0.100000
106668;5.628176;0.100000
106679;5.628176;0.100000
106690;5.628176;0.100000
106701;5.628176;0.100000
106712;5.628176;0.100000
106723;5.628176;0.100000
106734;5.628176;0.100000
106745;5.637380;0.100000
106756;5.643516;0.100000
106767;5.643516;0.100000
106778;5.643516;0.100000
106789;5.643516;0.100000
106800;5.643516;0.100000
106811;5.645050;0.100000
106822;5.645050;0.100000
106833;5.645050;0.100000
106844;5.645050;0.100000
106855;5.643516;0.100000
106866;5.643516;0.100000
106877;5.645050;0.100000
106888;5.643516;0.100000
106899;5.649652;0.100000
106910;5.660389;0.100000
106921;5.660389;0.100000
106932;5.660389;0.100000
106943;5.660389;0.100000
106954;5.660389;0.100000
106965;5.660389;0.100000
106976;5.660389;0.100000
106987;5.658855;0.100000
106998;5.660389;0.100000
107009;5.660389;0.100000
107020;5.660389;0.100000
107031;5.660389;0.100000
107042;5.660389;0.100000
107053;5.661923;0.100000
107064;5.674195;0.100000
107075;5.675729;0.100000
107086;5.675729;0.100000
107097;5.675729;0.100000
107108;5.675729;0.100000
107119;5.677263;0.100000
107130;5.677263;0.100000
107141;5.677263;0.100000
107152;5.677263;0.100000
107163;5.677263;0.100000
107174;5.677263;0.100000
107185;5.675729;0.100000
107196;5.677263;0.100000
107207;5.675729;0.100000
107218;5.686467;0.100000
107229;5.692603;0.100000
107240;5.692603;0.100000
107251;5.692603;0.100000
107262;5.692603;0.100000
107273;5.692603;0.100000
107284;5.692603;0.100000
107295;5.692603;0.100000
107306;5.692603;0.100000
107317;5.692603;0.100000
107328;5.692603;0.100000
107339;5.692603;0.100000
107350;5.692603;0.100000
107361;5.692603;0.100000
107372;5.700273;0.100000
107383;5.709476;0.100000
107394;5.709476;0.100000
107405;5.709476;0.100000
107416;5.709476;0.100000
107427;5.709476;0.100000
107438;5.709476;0.100000
107449;5.709476;0.100000
107460;5.709476;0.100000
107471;5.709476;0.100000
107482;5.709476;0.100000
107493;5.709476;0.100000
107504;5.709476;0.100000
107515;5.709476;0.100000
107526;5.712544;0.100000
107537;5.723282;0.100000
107548;5.724816;0.100000
107559;5.724816;0.100000
107570;5.724816;0.100000
107581;5.724816;0.100000
107592;5.724816;0.100000
107603;5.724816;0.100000
107614;5.724816;0.100000
107625;5.724816;0.100000
107636;5.724816;0.100000
107647;5.724816;0.100000
107658;5.724816;0.100000
107669;5.724816;0.100000
107680;5.724816;0.100000
107691;5.735554;0.100000
107702;5.740156;0.100000
107713;5.740156;0.100000
107724;5.740156;0.100000
107735;5.740156;0.100000
107746;5.740156;0.100000
107757;5.740156;0.100000
107768;5.740156;0.100000
107779;5.740156;0.100000
107790;5.740156;0.100000
107801;5.740156;0.100000
107812;5.740156;0.100000
107823;5.740156;0.100000
107834;5.740156;0.100000
107845;5.749360;0.100000
107856;5.755496;0.100000
107867;5.757030;0.100000
107878;5.757030;0.100000
107889;5.757030;0.100000
107900;5.757030;0.100000
107911;5.757030;0.100000
107922;5.757030;0.100000
107933;5.757030;0.100000
107944;5.757030;0.100000
107955;5.757030;0.100000
107966;5.757030;0.100000
107977;5.757030;0.100000
107988;5.757030;0.100000
107999;5.761632;0.100000
108010;5.772370;0.100000
108021;5.772370;0.100000
108032;5.772370;0.100000
108043;5.772370;0.100000
108054;5.772370;0.100000
108065;5.772370;0.100000
108076;5.772370;0.100000
108087;5.772370;0.100000
108098;5.772370;0.100000
108109;5.772370;0.100000
108120;5.772370;0.100000
108131;5.772370;0.100000
108142;5.772370;0.100000
108153;5.773904;0.100000
108164;5.784642;0.100000
108175;5.787710;0.100000
108186;5.787710;0.100000
108197;5.787710;0.100000
108208;5.787710;0.100000
108219;5.787710;0.100000
108230;5.787710;0.100000
108241;5.787710;0.100000
108252;5.787710;0.100000
108263;5.787710;0.100000
108274;5.787710;0.100000
108285;5.787710;0.100000
108296;5.787710;0.100000
108307;5.787710;0.100000
108318;5.796914;0.100000
108329;5.804584;0.100000
108340;5.804584;0.100000
108351;5.803050;0.100000
108362;5.804584;0.100000
108373;5.803050;0.100000
108384;5.804584;0.100000
108395;5.804584;0.100000
108406;5.803050;0.100000
108417;5.803050;0.100000
108428;5.804584;0.100000
108439;5.803050;0.100000
108450;5.804584;0.100000
108461;5.804584;0.100000
108472;5.810719;0.100000
108483;5.819923;0.100000
108494;5.819923;0.100000
108505;5.819923;0.100000
108516;5.819923;0.100000
108527;5.819923;0.100000
108538;5.819923;0.100000
108549;5.819923;0.100000
108560;5.819923;0.100000
108571;5.819923;0.100000
108582;5.819923;0.100000
108593;5.819923;0.100000
108604;5.819923;0.100000
108615;5.819923;0.100000
108626;5.822991;0.100000
108637;5.833729;0.100000
108648;5.835263;0.100000
108659;5.835263;0.100000
108670;5.835263;0.100000
108681;5.835263;0.100000
108692;5.835263;0.100000
108703;5.835263;0.100000
108714;5.835263;0.100000
108725;5.835263;0.100000
108736;5.835263;0.100000
108747;5.835263;0.100000
108758;5.835263;0.100000
108769;5.835263;0.100000
108780;5.835263;0.100000
108791;5.846001;0.100000
108802;5.852137;0.100000
108813;5.850603;0.100000
108824;5.850603;0.100000
108835;5.850603;0.100000
108846;5.850603;0.100000
108857;5.850603;0.100000
108868;5.850603;0.100000
108879;5.850603;0.100000
108890;5.850603;0.100000
108901;5.850603;0.100000
108912;5.850603;0.100000
108923;5.850603;0.100000
108934;5.852137;0.100000
108945;5.858273;0.100000
108956;5.867476;0.100000
108967;5.865942;0.100000
108978;5.865942;0.100000
108989;5.865942;0.100000
109000;5.865942;0.100000
109011;5.865942;0.100000
109022;5.865942;0.100000
109033;5.865942;0.100000
109044;5.865942;0.100000
109055;5.865942;0.100000
109066;5.865942;0.100000
109077;5.865942;0.100000
109088;5.865942;0.100000
109099;5.870544;0.100000
109110;5.881282;0.100000
109121;5.882816;0.100000
109132;5.882816;0.100000
109143;5.882816;0.100000
109154;5.882816;0.100000
109165;5.882816;0.100000
109176;5.881282;0.100000
109187;5.882816;0.100000
109198;5.882816;0.100000
109209;5.882816;0.100000
109220;5.882816;0.100000
109231;5.882816;0.100000
109242;5.882816;0.100000
109253;5.882816;0.100000
109264;5.893554;0.100000
109275;5.898156;0.100000
109286;5.896622;0.100000
109297;5.896622;0.100000
109308;5.898156;0.100000
109319;5.896622;0.100000
109330;5.896622;0.100000
109341;5.896622;0.100000
109352;5.896622;0.100000
109363;5.898156;0.100000
109374;5.896622;0.100000
109385;5.896622;0.100000
109396;5.896622;0.100000
109407;5.896622;0.100000
109418;5.904292;0.100000
109429;5.911962;0.100000
109440;5.911962;0.100000
109451;5.911962;0.100000
109462;5.911962;0.100000
109473;5.911962;0.100000
109484;5.913496;0.100000
109495;5.911962;0.100000
109506;5.911962;0.100000
109517;5.911962;0.100000
109528;5.911962;0.100000
109539;5.911962;0.100000
109550;5.911962;0.100000
109561;5.911962;0.100000
109572;5.916564;0.100000
109583;5.927302;0.100000
109594;5.927302;0.100000
109605;5.927302;0.100000
109616;5.927302;0.100000
109627;5.927302;0.100000
109638;5.927302;0.100000
109649;5.927302;0.100000
109660;5.927302;0.100000
109671;5.927302;0.100000
109682;5.927302;0.100000
109693;5.927302;0.100000
109704;5.927302;0.100000
109715;5.927302;0.100000
109726;5.928836;0.100000
109737;5.941108;0.100000
109748;5.944176;0.100000
109759;5.944176;0.100000
109770;5.944176;0.100000
109781;5.942642;0.100000
109792;5.944176;0.100000
109803;5.944176;0.100000
109814;5.944176;0.100000
109825;5.944176;0.100000
109836;5.944176;0.100000
109847;5.944176;0.100000
109858;5.944176;0.100000
109869;5.944176;0.100000
109880;5.944176;0.100000
109891;5.953380;0.100000
109902;5.959516;0.100000
109913;5.959516;0.100000
109924;5.959516;0.100000
109935;5.959516;0.100000
109946;5.959516;0.100000
109957;5.959516;0.100000
109968;5.959516;0.100000
109979;5.957982;0.100000
109990;5.959516;0.100000
110001;5.959516;0.100000
110012;5.959516;0.100000
110023;5.959516;0.100000
110034;5.959516;0.100000
110045;5.964118;0.100000
110056;5.973321;0.100000
110067;5.973321;0.100000
110078;5.973321;0.100000
110089;5.973321;0.100000
110100;5.973321;0.100000
110111;5.973321;0.100000
110122;5.973321;0.100000
110133;5.973321;0.100000
110144;5.973321;0.100000
110155;5.973321;0.100000
110165;5.973321;0.100000
110177;5.973321;0.100000
110188;5.973321;0.100000
110199;5.976389;0.100000
110210;5.987127;0.100000
110221;5.988661;0.100000
110232;5.988661;0.100000
110243;5.988661;0.100000
110254;5.988661;0.100000
110265;5.988661;0.100000
110276;5.988661;0.100000
110287;5.988661;0.100000
110298;5.988661;0.100000
110309;5.988661;0.100000
110320;5.988661;0.100000
110331;5.988661;0.100000
110342;5.988661;0.100000
110353;5.988661;0.100000
110363;5.999399;0.100000
110374;6.004001;0.100000
110385;6.004001;0.100000
110396;6.004001;0.100000
110407;6.004001;0.100000
110418;6.004001;0.100000
110429;6.004001;0.100000
110440;6.004001;0.100000
110451;6.004001;0.100000
110462;6.004001;0.100000
110473;6.004001;0.100000
110484;6.004001;0.100000
110495;6.004001;0.100000
110506;6.004001;0.100000
110517;6.011671;0.100000
110528;6.019341;0.100000
110539;6.019341;0.100000
110550;6.019341;0.100000
110561;6.019341;0.100000
110572;6.019341;0.100000
110583;6.019341;0.100000
110594;6.019341;0.100000
110605;6.019341;0.100000
110616;6.019341;0.100000
110627;6.019341;0.100000
110638;6.019341;0.100000
110649;6.019341;0.100000
110660;6.019341;0.100000
110671;6.022409;0.100000
110682;6.033146;0.100000
110693;6.033146;0.100000
110705;6.033146;0.100000
110716;6.033146;0.100000
110726;6.033146;0.100000
110737;6.033146;0.100000
110748;6.033146;0.100000
110759;6.033146;0.100000
110770;6.033146;0.100000
110781;6.033146;0.100000
110792;6.033146;0.100000
110803;6.033146;0.100000
110814;6.033146;0.100000
110825;6.033146;0.100000
110836;6.045418;0.100000
110847;6.048486;0.100000
110858;6.048486;0.100000
110869;6.048486;0.100000
110880;6.048486;0.100000
110891;6.048486;0.100000
110902;6.048486;0.100000
110913;6.048486;0.100000
110924;6.048486;0.100000
110935;6.048486;0.100000
110946;6.048486;0.100000
110957;6.048486;0.100000
110968;6.048486;0.100000
110979;6.048486;0.100000
110990;6.057690;0.100000
111001;6.063826;0.100000
111012;6.065360;0.100000
111023;6.063826;0.100000
111034;6.063826;0.100000
111045;6.063826;0.100000
111056;6.063826;0.100000
111067;6.063826;0.100000
111078;6.063826;0.100000
111089;6.063826;0.100000
111101;6.063826;0.100000
111112;6.063826;0.100000
111123;6.063826;0.100000
111134;6.063826;0.100000
111145;6.069962;0.100000
111156;6.079166;0.100000
111167;6.079166;0.100000
111178;6.079166;0.100000
111189;6.079166;0.100000
111200;6.079166;0.100000
111211;6.079166;0.100000
111222;6.079166;0.100000
111233;6.079166;0.100000
111244;6.079166;0.100000
111255;6.079166;0.100000
111266;6.079166;0.100000
111277;6.079166;0.100000
111287;6.079166;0.100000
111298;6.080700;0.100000
111310;6.091438;0.100000
111321;6.092972;0.100000
111332;6.092972;0.100000
111343;6.092972;0.100000
111353;6.092972;0.100000
111364;6.092972;0.100000
111375;6.092972;0.100000
111386;6.092972;0.100000
111397;6.094506;0.100000
111408;6.092972;0.100000
111419;6.092972;0.100000
111430;6.092972;0.100000
111441;6.092972;0.100000
111452;6.092972;0.100000
111463;6.103710;0.100000
111474;6.108312;0.100000
111485;6.108312;0.100000
111496;6.108312;0.100000
111507;6.108312;0.100000
111518;6.108312;0.100000
111529;6.108312;0.100000
111540;6.108312;0.100000
111551;6.108312;0.100000
111562;6.108312;0.100000
111573;6.108312;0.100000
111584;6.108312;0.100000
111595;6.108312;0.100000
111606;6.108312;0.100000
111617;6.114448;0.100000
111628;6.123652;0.100000
111639;6.123652;0.100000
111650;6.123652;0.100000
111661;6.123652;0.100000
111672;6.123652;0.100000
111683;6.123652;0.100000
111694;6.123652;0.100000
111705;6.123652;0.100000
111717;6.123652;0.100000
111728;6.123652;0.100000
111738;6.123652;0.100000
111749;6.123652;0.100000
111760;6.123652;0.100000
111771;6.126719;0.100000
111782;6.137457;0.100000
111793;6.137457;0.100000
111804;6.138991;0.100000
111815;6.137457;0.100000
111826;6.137457;0.100000
111837;6.137457;0.100000
111848;6.138991;0.100000
111859;6.137457;0.100000
111870;6.137457;0.100000
111881;6.137457;0.100000
111892;6.137457;0.100000
111903;6.137457;0.100000
111914;6.137457;0.100000
111925;6.137457;0.100000
111936;6.148195;0.100000
111947;6.152797;0.100000
111958;6.151263;0.100000
111969;6.152797;0.100000
111980;6.152797;0.100000
111991;6.152797;0.100000
112002;6.152797;0.100000
112013;6.152797;0.100000
112024;6.152797;0.100000
112035;6.152797;0.100000
112046;6.152797;0.100000
112057;6.152797;0.100000
112068;6.152797;0.100000
112079;6.152797;0.100000
112090;6.160467;0.100000
112101;6.166603;0.100000
112112;6.166603;0.100000
112123;6.166603;0.100000
112134;6.166603;0.100000
112145;6.166603;0.100000
112156;6.166603;0.100000
112167;6.166603;0.100000
112178;6.166603;0.100000
112189;6.166603;0.100000
112200;6.166603;0.100000
112211;6.166603;0.100000
112222;6.166603;0.100000
112233;6.166603;0.100000
112244;6.171205;0.100000
112255;6.181943;0.100000
112266;6.181943;0.100000
112277;6.181943;0.100000
112288;6.181943;0.100000
112299;6.181943;0.100000
112310;6.181943;0.100000
112321;6.181943;0.100000
112332;6.181943;0.100000
112343;6.181943;0.100000
112354;6.181943;0.100000
112365;6.181943;0.100000
112376;6.181943;0.100000
112387;6.181943;0.100000
112398;6.183477;0.100000
112409;6.194215;0.100000
112420;6.197283;0.100000
112431;6.197283;0.100000
112442;6.197283;0.100000
112453;6.197283;0.100000
112464;6.197283;0.100000
112475;6.197283;0.100000
112486;6.197283;0.100000
112497;6.197283;0.100000
112508;6.197283;0.100000
112519;6.197283;0.100000
112530;6.197283;0.100000
112541;6.197283;0.100000
112553;6.197283;0.100000
112564;6.204952;0.100000
112575;6.211088;0.100000
112586;6.211088;0.100000
112597;6.211088;0.100000
112608;6.211088;0.100000
112619;6.211088;0.100000
112630;6.211088;0.100000
112641;6.211088;0.100000
112652;6.211088;0.100000
112663;6.211088;0.100000
112673;6.211088;0.100000
112684;6.211088;0.100000
112695;6.211088;0.100000
112706;6.211088;0.100000
112717;6.217224;0.100000
112728;6.226428;0.100000
112739;6.224894;0.100000
112751;6.224894;0.100000
112762;6.224894;0.100000
112773;6.224894;0.100000
112783;6.224894;0.100000
112794;6.224894;0.100000
112805;6.224894;0.100000
112816;6.224894;0.100000
112827;6.224894;0.100000
112838;6.224894;0.100000
112849;6.224894;0.100000
112860;6.224894;0.100000
112871;6.227962;0.100000
112882;6.238700;0.100000
112893;6.240234;0.100000
112904;6.240234;0.100000
112915;6.240234;0.100000
112926;6.240234;0.100000
112937;6.240234;0.100000
112948;6.240234;0.100000
112959;6.240234;0.100000
112970;6.240234;0.100000
112981;6.240234;0.100000
112992;6.240234;0.100000
113003;6.240234;0.100000
113014;6.240234;0.100000
113025;6.240234;0.100000
113036;6.249438;0.100000
113047;6.254040;0.100000
113058;6.254040;0.100000
113069;6.254040;0.100000
113080;6.254040;0.100000
113091;6.254040;0.100000
113102;6.254040;0.100000
113113;6.254040;0.100000
113124;6.254040;0.100000
113135;6.254040;0.100000
113146;6.254040;0.100000
113157;6.254040;0.100000
113168;6.254040;0.100000
113179;6.254040;0.100000
113190;6.260176;0.100000
113201;6.267846;0.100000
113212;6.269380;0.100000
113223;6.269380;0.100000
113234;6.269380;0.100000
113245;6.269380;0.100000
113256;6.269380;0.100000
113267;6.267846;0.100000
113278;6.267846;0.100000
113289;6.267846;0.100000
113300;6.269380;0.100000
113312;6.269380;0.100000
113323;6.267846;0.100000
113334;6.269380;0.100000
113345;6.272448;0.100000
113356;6.283185;0.100000
113367;6.283185;0.100000
113378;6.283185;0.100000
113389;6.283185;0.100000
113400;6.283185;0.100000
113411;6.283185;0.100000
113422;6.283185;0.100000
113433;6.283185;0.100000
113444;6.283185;0.100000
113455;6.283185;0.100000
113466;6.283185;0.100000
113477;6.283185;0.100000
113488;6.283185;0.100000
113499;6.283185;0.100000
113510;6.293923;0.100000
113521;6.298525;0.100000
113532;6.298525;0.100000
113543;6.298525;0.100000
113554;6.296991;0.100000
113565;6.298525;0.100000
113576;6.298525;0.100000
113587;6.296991;0.100000
113598;6.296991;0.100000
113609;6.296991;0.100000
113620;6.296991;0.100000
113631;6.298525;0.100000
113642;6.298525;0.100000
113653;6.298525;0.100000
113664;6.306195;0.100000
113675;6.312331;0.100000
113686;6.312331;0.100000
113697;6.312331;0.100000
113708;6.312331;0.100000
113719;6.312331;0.100000
113730;6.312331;0.100000
113741;6.312331;0.100000
113752;6.312331;0.100000
113763;6.312331;0.100000
113774;6.312331;0.100000
113785;6.312331;0.100000
113796;6.312331;0.100000
113807;6.312331;0.100000
113818;6.316933;0.100000
113829;6.326137;0.100000
113840;6.326137;0.100000
113851;6.326137;0.100000
113862;6.326137;0.100000
113873;6.326137;0.100000
113884;6.326137;0.100000
113895;6.326137;0.100000
113906;6.326137;0.100000
113917;6.326137;0.100000
113928;6.326137;0.100000
113939;6.326137;0.100000
113950;6.326137;0.100000
113961;6.326137;0.100000
113972;6.327671;0.100000
113983;6.338409;0.100000
113994;6.339943;0.100000
114005;6.339943;0.100000
114016;6.339943;0.100000
114027;6.339943;0.100000
114038;6.341477;0.100000
114049;6.339943;0.100000
114060;6.339943;0.100000
114071;6.339943;0.100000
114082;6.339943;0.100000
114093;6.339943;0.100000
114104;6.341477;0.100000
114115;6.339943;0.100000
114126;6.339943;0.100000
114137;6.350681;0.100000
114148;6.355283;0.100000
114159;6.355283;0.100000
114170;6.355283;0.100000
114181;6.355283;0.100000
114192;6.355283;0.100000
114203;6.355283;0.100000
114214;6.355283;0.100000
114225;6.355283;0.100000
114236;6.355283;0.100000
114247;6.355283;0.100000
114258;6.355283;0.100000
114269;6.355283;0.100000
114280;6.355283;0.100000
114291;6.361419;0.100000
114302;6.369088;0.100000
114313;6.369088;0.100000
114324;6.369088;0.100000
114335;6.369088;0.100000
114346;6.369088;0.100000
114357;6.369088;0.100000
114368;6.369088;0.100000
114379;6.369088;0.100000
114390;6.369088;0.100000
114401;6.369088;0.100000
114412;6.369088;0.100000
114423;6.369088;0.100000
114434;6.369088;0.100000
114445;6.372156;0.100000
114456;6.381360;0.100000
114467;6.382894;0.100000
114478;6.382894;0.100000
114489;6.382894;0.100000
114500;6.382894;0.100000
114511;6.382894;0.100000
114522;6.382894;0.100000
114533;6.382894;0.100000
114544;6.382894;0.100000
114555;6.382894;0.100000
114566;6.382894;0.100000
114577;6.382894;0.100000
114588;6.382894;0.100000
114599;6.382894;0.100000
114610;6.393632;0.100000
114621;6.396700;0.100000
114632;6.396700;0.100000
114643;6.396700;0.100000
114654;6.396700;0.100000
114665;6.396700;0.100000
114676;6.396700;0.100000
114687;6.396700;0.100000
114698;6.396700;0.100000
114709;6.396700;0.100000
114720;6.396700;0.100000
114731;6.396700;0.100000
114742;6.396700;0.100000
114753;6.396700;0.100000
114764;6.404370;0.100000
114775;6.412040;0.100000
114786;6.412040;0.100000
114797;6.412040;0.100000
114808;6.412040;0.100000
114819;6.412040;0.100000
114830;6.412040;0.100000
114841;6.412040;0.100000
114852;6.412040;0.100000
114863;6.412040;0.100000
114874;6.412040;0.100000
114885;6.412040;0.100000
114896;6.412040;0.100000
114907;6.412040;0.100000
114918;6.416642;0.100000
114929;6.425846;0.100000
114940;6.425846;0.100000
114950;6.427380;0.100000
114962;6.425846;0.100000
114973;6.427380;0.100000
114983;6.427380;0.100000
114994;6.425846;0.100000
115006;6.425846;0.100000
115017;6.425846;0.100000
115028;6.427380;0.100000
115038;6.425846;0.100000
115049;6.425846;0.100000
115060;6.427380;0.100000
115071;6.427380;0.100000
115082;6.436584;0.100000
115093;6.439651;0.100000
115104;6.439651;0.100000
115115;6.439651;0.100000
115126;6.439651;0.100000
115137;6.439651;0.100000
115148;6.439651;0.100000
115159;6.439651;0.100000
115170;6.439651;0.100000
115181;6.439651;0.100000
115192;6.439651;0.100000
115203;6.439651;0.100000
115214;6.439651;0.100000
115225;6.439651;0.100000
115236;6.448855;0.100000
115247;6.454991;0.100000
115259;6.454991;0.100000
115270;6.454991;0.100000
115280;6.453457;0.100000
115291;6.454991;0.100000
115302;6.453457;0.100000
115314;6.454991;0.100000
115325;6.454991;0.100000
115336;6.454991;0.100000
115347;6.454991;0.100000
115358;6.453457;0.100000
115369;6.454991;0.100000
115380;6.453457;0.100000
115391;6.459593;0.100000
115402;6.468797;0.100000
115413;6.468797;0.100000
115424;6.468797;0.100000
115435;6.468797;0.100000
115446;6.468797;0.100000
115457;6.468797;0.100000
115468;6.468797;0.100000
115479;6.468797;0.100000
115490;6.468797;0.100000
115501;6.468797;0.100000
115512;6.468797;0.100000
115523;6.468797;0.100000
115534;6.468797;0.100000
115545;6.470331;0.100000
115556;6.481069;0.100000
115567;6.482603;0.100000
115578;6.482603;0.100000
115589;6.482603;0.100000
115600;6.482603;0.100000
115611;6.482603;0.100000
115622;6.482603;0.100000
115633;6.482603;0.100000
115644;6.482603;0.100000
115655;6.482603;0.100000
115666;6.482603;0.100000
115677;6.482603;0.100000
115688;6.482603;0.100000
115699;6.482603;0.100000
115710;6.491807;0.100000
115721;6.496409;0.100000
115732;6.496409;0.100000
115743;6.496409;0.100000
115754;6.496409;0.100000
115765;6.496409;0.100000
115776;6.496409;0.100000
115787;6.496409;0.100000
115798;6.496409;0.100000
115809;6.496409;0.100000
115820;6.496409;0.100000
115831;6.496409;0.100000
115842;6.496409;0.100000
115853;6.496409;0.100000
115864;6.502545;0.100000
115875;6.510215;0.100000
115886;6.510215;0.100000
115897;6.511749;0.100000
115908;6.510215;0.100000
115919;6.510215;0.100000
115930;6.510215;0.100000
115941;6.510215;0.100000
115952;6.510215;0.100000
115963;6.510215;0.100000
115974;6.510215;0.100000
115985;6.510215;0.100000
115996;6.510215;0.100000
116007;6.510215;0.100000
116018;6.514817;0.100000
116029;6.524021;0.100000
116040;6.524021;0.100000
116051;6.524021;0.100000
116062;6.525555;0.100000
116073;6.524021;0.100000
116084;6.525555;0.100000
116095;6.525555;0.100000
116106;6.525555;0.100000
116117;6.525555;0.100000
116128;6.525555;0.100000
116139;6.524021;0.100000
116150;6.525555;0.100000
116161;6.525555;0.100000
116172;6.525555;0.100000
116183;6.536292;0.100000
116194;6.539360;0.100000
116205;6.539360;0.100000
116216;6.539360;0.100000
116227;6.539360;0.100000
116238;6.539360;0.100000
116249;6.539360;0.100000
116260;6.539360;0.100000
116271;6.539360;0.100000
116282;6.539360;0.100000
116293;6.539360;0.100000
116304;6.539360;0.100000
116315;6.539360;0.100000
116326;6.539360;0.100000
116337;6.547030;0.100000
116348;6.553166;0.100000
116359;6.553166;0.100000
116370;6.553166;0.100000
116381;6.553166;0.100000
116392;6.553166;0.100000
116403;6.553166;0.100000
116414;6.553166;0.100000
116425;6.553166;0.100000
116436;6.553166;0.100000
116447;6.553166;0.100000
116458;6.553166;0.100000
116469;6.553166;0.100000
116480;6.553166;0.100000
116491;6.557768;0.100000
116502;6.566972;0.100000
116513;6.566972;0.100000
116524;6.566972;0.100000
116535;6.566972;0.100000
116546;6.566972;0.100000
116557;6.566972;0.100000
116568;6.566972;0.100000
116579;6.566972;0.100000
116590;6.566972;0.100000
116601;6.566972;0.100000
116612;6.566972;0.100000
116623;6.566972;0.100000
116634;6.566972;0.100000
116645;6.568506;0.100000
116656;6.579244;0.100000
116667;6.580778;0.100000
116678;6.580778;0.100000
116689;6.580778;0.100000
116700;6.580778;0.100000
116711;6.580778;0.100000
116722;6.580778;0.100000
116733;6.580778;0.100000
116744;6.580778;0.100000
116755;6.580778;0.100000
116766;6.580778;0.100000
116777;6.580778;0.100000
116788;6.580778;0.100000
116799;6.580778;0.100000
116810;6.589982;0.100000
116821;6.594584;0.100000
116832;6.596117;0.100000
116843;6.594584;0.100000
116854;6.596117;0.100000
116865;6.596117;0.100000
116876;6.596117;0.100000
116887;6.594584;0.100000
116898;6.594584;0.100000
116909;6.594584;0.100000
116920;6.596117;0.100000
116931;6.596117;0.100000
116942;6.596117;0.100000
116953;6.596117;0.100000
116964;6.600719;0.100000
116975;6.609923;0.100000
116986;6.608389;0.100000
116997;6.608389;0.100000
117008;6.609923;0.100000
117019;6.608389;0.100000
117030;6.609923;0.100000
117041;6.609923;0.100000
117052;6.609923;0.100000
117063;6.609923;0.100000
117074;6.609923;0.100000
117085;6.609923;0.100000
117096;6.609923;0.100000
117107;6.609923;0.100000
117118;6.611457;0.100000
117129;6.622195;0.100000
117140;6.622195;0.100000
117151;6.622195;0.100000
117162;6.622195;0.100000
117173;6.623729;0.100000
117184;6.623729;0.100000
117195;6.622195;0.100000
117206;6.622195;0.100000
117217;6.623729;0.100000
117228;6.622195;0.100000
117239;6.622195;0.100000
117250;6.622195;0.100000
117261;6.623729;0.100000
117272;6.623729;0.100000
117283;6.632933;0.100000
117294;6.637535;0.100000
117305;6.637535;0.100000
117316;6.637535;0.100000
117327;6.637535;0.100000
117338;6.637535;0.100000
117349;6.637535;0.100000
117360;6.637535;0.100000
117371;6.637535;0.100000
117382;6.637535;0.100000
117393;6.637535;0.100000
117404;6.637535;0.100000
117415;6.637535;0.100000
117426;6.637535;0.100000
117437;6.645205;0.100000
117448;6.651341;0.100000
117459;6.651341;0.100000
117470;6.651341;0.100000
117481;6.652875;0.100000
117492;6.651341;0.100000
117503;6.651341;0.100000
117514;6.652875;0.100000
117525;6.651341;0.100000
117536;6.651341;0.100000
117547;6.651341;0.100000
117558;6.651341;0.100000
117569;6.651341;0.100000
117580;6.651341;0.100000
117591;6.655943;0.100000
117602;6.665147;0.100000
117613;6.665147;0.100000
117624;6.666681;0.100000
117635;6.665147;0.100000
117646;6.665147;0.100000
117657;6.665147;0.100000
117668;6.665147;0.100000
117679;6.666681;0.100000
117690;6.665147;0.100000
117701;6.665147;0.100000
117712;6.666681;0.100000
117723;6.665147;0.100000
117734;6.666681;0.100000
117745;6.666681;0.100000
117756;6.677419;0.100000
117767;6.678953;0.100000
117778;6.678953;0.100000
117789;6.678953;0.100000
117800;6.678953;0.100000
117811;6.678953;0.100000
117822;6.678953;0.100000
117833;6.678953;0.100000
117844;6.678953;0.100000
117855;6.678953;0.100000
117866;6.678953;0.100000
117877;6.678953;0.100000
117888;6.678953;0.100000
117899;6.678953;0.100000
117910;6.688157;0.100000
117921;6.692759;0.100000
117932;6.694293;0.100000
117943;6.692759;0.100000
117954;6.694293;0.100000
117965;6.692759;0.100000
117976;6.694293;0.100000
117987;6.694293;0.100000
117998;6.694293;0.100000
118009;6.692759;0.100000
118020;6.692759;0.100000
118031;6.692759;0.100000
118042;6.692759;0.100000
118053;6.694293;0.100000
118064;6.698895;0.100000
118075;6.708098;0.100000
118086;6.708098;0.100000
118097;6.708098;0.100000
118108;6.708098;0.100000
118119;6.708098;0.100000
118130;6.708098;0.100000
118141;6.708098;0.100000
118152;6.708098;0.100000
118163;6.708098;0.100000
118174;6.708098;0.100000
118185;6.708098;0.100000
118196;6.708098;0.100000
118207;6.708098;0.100000
118218;6.711166;0.100000
118229;6.720370;0.100000
118240;6.721904;0.100000
118251;6.720370;0.100000
118262;6.721904;0.100000
118273;6.721904;0.100000
118284;6.720370;0.100000
118295;6.720370;0.100000
118306;6.721904;0.100000
118317;6.721904;0.100000
118328;6.720370;0.100000
118339;6.720370;0.100000
118350;6.721904;0.100000
118361;6.721904;0.100000
118372;6.721904;0.100000
118383;6.731108;0.100000
118394;6.735710;0.100000
118405;6.735710;0.100000
118416;6.735710;0.100000
118427;6.735710;0.100000
118438;6.735710;0.100000
118449;6.735710;0.100000
118460;6.735710;0.100000
118471;6.735710;0.100000
118482;6.735710;0.100000
118493;6.735710;0.100000
118504;6.735710;0.100000
118515;6.735710;0.100000
118526;6.735710;0.100000
118537;6.741846;0.100000
118548;6.749516;0.100000
118559;6.749516;0.100000
118570;6.749516;0.100000
118581;6.749516;0.100000
118592;6.749516;0.100000
118603;6.749516;0.100000
118614;6.749516;0.100000
118625;6.749516;0.100000
118636;6.749516;0.100000
118647;6.749516;0.100000
118658;6.749516;0.100000
118669;6.749516;0.100000
118680;6.749516;0.100000
118691;6.754117;0.100000
118702;6.763321;0.100000
118713;6.764855;0.100000
118724;6.763321;0.100000
118735;6.763321;0.100000
118746;6.764855;0.100000
118757;6.763321;0.100000
118768;6.763321;0.100000
118779;6.763321;0.100000
118790;6.764855;0.100000
118801;6.764855;0.100000
118812;6.763321;0.100000
118823;6.763321;0.100000
118834;6.763321;0.100000
118845;6.764855;0.100000
118856;6.774059;0.100000
118867;6.778661;0.100000
118878;6.777127;0.100000
118889;6.777127;0.100000
118900;6.777127;0.100000
118911;6.778661;0.100000
118922;6.777127;0.100000
118933;6.777127;0.100000
118944;6.778661;0.100000
118955;6.777127;0.100000
118966;6.777127;0.100000
118977;6.778661;0.100000
118988;6.778661;0.100000
118999;6.777127;0.100000
119010;6.786331;0.100000
119021;6.792467;0.100000
119032;6.792467;0.100000
119043;6.792467;0.100000
119054;6.792467;0.100000
119065;6.792467;0.100000
119076;6.792467;0.100000
119087;6.792467;0.100000
119098;6.792467;0.100000
119109;6.792467;0.100000
119120;6.792467;0.100000
119131;6.792467;0.100000
119142;6.792467;0.100000
119153;6.792467;0.100000
119164;6.797069;0.100000
119175;6.806273;0.100000
119186;6.806273;0.100000
119197;6.806273;0.100000
119208;6.806273;0.100000
119219;6.806273;0.100000
119230;6.806273;0.100000
119241;6.806273;0.100000
119252;6.806273;0.100000
119263;6.806273;0.100000
119274;6.806273;0.100000
119285;6.806273;0.100000
119296;6.806273;0.100000
119307;6.806273;0.100000
119318;6.807807;0.100000
119329;6.817011;0.100000
119340;6.820079;0.100000
119351;6.820079;0.100000
119362;6.820079;0.100000
119373;6.820079;0.100000
119384;6.820079;0.100000
119395;6.820079;0.100000
119406;6.820079;0.100000
119417;6.820079;0.100000
119428;6.820079;0.100000
119439;6.820079;0.100000
119450;6.820079;0.100000
119461;6.820079;0.100000
119472;6.820079;0.100000
119483;6.827749;0.100000
119494;6.833885;0.100000
119505;6.833885;0.100000
119516;6.833885;0.100000
119527;6.833885;0.100000
119538;6.833885;0.100000
119549;6.833885;0.100000
119560;6.833885;0.100000
119571;6.833885;0.100000
119582;6.833885;0.100000
119593;6.833885;0.100000
119604;6.833885;0.100000
119615;6.833885;0.100000
119626;6.833885;0.100000
119637;6.840021;0.100000
119648;6.849225;0.100000
119659;6.847691;0.100000
119670;6.849225;0.100000
119681;6.849225;0.100000
119692;6.849225;0.100000
119703;6.847691;0.100000
119714;6.849225;0.100000
119725;6.847691;0.100000
119736;6.849225;0.100000
119747;6.847691;0.100000
119758;6.849225;0.100000
119769;6.847691;0.100000
119780;6.847691;0.100000
119791;6.850759;0.100000
119802;6.861496;0.100000
119813;6.863030;0.100000
119824;6.863030;0.100000
119835;6.863030;0.100000
119846;6.863030;0.100000
119857;6.863030;0.100000
119868;6.863030;0.100000
119879;6.863030;0.100000
119890;6.863030;0.100000
119901;6.863030;0.100000
119912;6.863030;0.100000
119923;6.863030;0.100000
119934;6.863030;0.100000
119945;6.863030;0.100000
119956;6.873768;0.100000
119967;6.876836;0.100000
119978;6.876836;0.100000
119989;6.876836;0.100000
120000;6.876836;0.100000
120011;6.876836;0.100000
120022;6.876836;0.100000
120033;6.876836;0.100000
120044;6.876836;0.100000
120055;6.876836;0.100000
120066;6.876836;0.100000
120077;6.876836;0.100000
120088;6.876836;0.100000
120099;6.876836;0.100000
120110;6.884506;0.100000
120121;6.890642;0.100000
120132;6.890642;0.100000
120143;6.890642;0.100000
120154;6.890642;0.100000
120165;6.890642;0.100000
120176;6.890642;0.100000
120187;6.890642;0.100000
120198;6.890642;0.100000
120209;6.890642;0.100000
120220;6.890642;0.100000
120231;6.890642;0.100000
120242;6.890642;0.100000
120253;6.890642;0.100000
120264;6.895244;0.100000
120275;6.904448;0.100000
120286;6.904448;0.100000
120297;6.904448;0.100000
120308;6.904448;0.100000
120319;6.904448;0.100000
120330;6.904448;0.100000
120341;6.904448;0.100000
120352;6.904448;0.100000
120363;6.904448;0.100000
120374;6.904448;0.100000
120385;6.904448;0.100000
120396;6.904448;0.100000
120407;6.904448;0.100000
120418;6.905982;0.100000
120429;6.916719;0.100000
120440;6.919787;0.100000
120451;6.919787;0.100000
120462;6.919787;0.100000
120473;6.919787;0.100000
120484;6.919787;0.100000
120495;6.919787;0.100000
120506;6.919787;0.100000
120517;6.919787;0.100000
120528;6.919787;0.100000
120539;6.919787;0.100000
120550;6.919787;0.100000
120561;6.919787;0.100000
120572;6.919787;0.100000
120583;6.928991;0.100000
120594;6.933593;0.100000
120605;6.933593;0.100000
120616;6.933593;0.100000
120627;6.933593;0.100000
120638;6.933593;0.100000
120649;6.933593;0.100000
120660;6.933593;0.100000
120671;6.933593;0.100000
120682;6.933593;0.100000
120693;6.933593;0.100000
120704;6.933593;0.100000
120715;6.933593;0.100000
120726;6.933593;0.100000
120737;6.939729;0.100000
120748;6.947399;0.100000
120759;6.947399;0.100000
120770;6.947399;0.100000
120781;6.947399;0.100000
120792;6.947399;0.100000
120803;6.947399;0.100000
120814;6.947399;0.100000
120825;6.947399;0.100000
120836;6.947399;0.100000
120847;6.947399;0.100000
120858;6.947399;0.100000
120869;6.947399;0.100000
120880;6.947399;0.100000
120891;6.948933;0.100000
120902;6.959671;0.100000
120913;6.961205;0.100000
120924;6.962739;0.100000
120935;6.961205;0.100000
120946;6.961205;0.100000
120957;6.962739;0.100000
120968;6.962739;0.100000
120979;6.961205;0.100000
120990;6.961205;0.100000
121001;6.962739;0.100000
121012;6.962739;0.100000
121023;6.961205;0.100000
121034;6.962739;0.100000
121045;6.961205;0.100000
121056;6.971943;0.100000
121067;6.976545;0.100000
121078;6.976545;0.100000
121089;6.976545;0.100000
121100;6.976545;0.100000
121111;6.976545;0.100000
121122;6.976545;0.100000
121133;6.976545;0.100000
121144;6.976545;0.100000
121155;6.976545;0.100000
121166;6.976545;0.100000
121177;6.976545;0.100000
121188;6.976545;0.100000
121199;6.976545;0.100000
121210;6.984215;0.100000
121221;6.991885;0.100000
121232;6.991885;0.100000
121243;6.991885;0.100000
121254;6.990351;0.100000
121265;6.990351;0.100000
121276;6.991885;0.100000
121287;6.991885;0.100000
121298;6.991885;0.100000
121309;6.990351;0.100000
121320;6.991885;0.100000
