8162;0.793279
8476;1.283419
8480;1.293421
8487;1.303425
8496;1.313428
8504;1.323432
8510;1.333435
8516;1.343439
8522;1.353442
8529;1.363446
8535;1.373446
8541;1.383450
8548;1.393453
8558;1.403454
8567;1.413457
8574;1.423457
8580;1.433461
8588;1.443464
8595;1.453467
8601;1.463469
8608;1.473472
8617;1.483475
8626;1.493479
8635;1.503479
8645;1.513483
8654;1.523486
8663;1.533489
8667;1.543493
8671;1.553497
8677;1.563500
8685;1.573500
8692;1.583504
8699;1.593507
8707;1.603508
8716;1.613511
8725;1.623511
8733;1.633512
8742;1.643515
8750;1.653518
8759;1.663522
8767;1.673526
8775;1.683526
8785;1.693529
8794;1.703533
8801;1.713537
8808;1.723537
8817;1.733540
8826;1.743543
8834;1.753547
8842;1.763551
8851;1.773552
8860;1.783554
8870;1.793558
8879;1.803559
8887;1.813562
8892;1.823565
8897;1.833569
8904;1.843569
8912;1.853573
8920;1.863576
8928;1.873576
8938;1.883580
8947;1.893584
8956;1.903584
8964;1.913587
8973;1.923591
8983;1.933594
8993;1.943595
9002;1.953598
9010;1.963601
9018;1.973602
9025;1.983606
9033;1.993609
9040;2.003610
9047;2.013613
9053;2.023614
9059;2.033617
9064;2.043620
9070;2.053624
9077;2.063624
9085;2.073628
9094;2.083631
9101;2.093634
9109;2.103635
9120;2.113635
9129;2.123638
9138;2.133641
9147;2.143643
9155;2.153646
9161;2.163649
9166;2.173652
9172;2.183656
9177;2.193658
9178;2.203658
9178;2.213660
9182;2.223663
9188;2.233664
9195;2.243668
9202;2.253671
9210;2.263674
9216;2.273678
9223;2.283679
9230;2.293681
9235;2.303682
9241;2.313686
9245;2.323686
9250;2.333690
9252;2.343692
9257;2.353696
9262;2.363700
9269;2.373701
9276;2.383703
9285;2.393707
9292;2.403708
9298;2.413711
9305;2.423715
9312;2.433718
9319;2.443721
9326;2.453723
9331;2.463725
9337;2.473728
9344;2.483729
9356;2.493733
9367;2.503737
9376;2.513740
9384;2.523743
9390;2.533746
9397;2.543748
9406;2.553750
9415;2.563750
9424;2.573751
9431;2.583755
9438;2.593758
9445;2.603762
9452;2.613765
9460;2.623766
9469;2.633769
9478;2.643772
9485;2.653772
9491;2.663773
9498;2.673777
9504;2.683780
9509;2.693783
9513;2.703787
9516;2.713788
9520;2.723790
9526;2.733794
9533;2.743795
9539;2.753798
9542;2.763802
9548;2.773805
9554;2.783808
9560;2.793810
9567;2.803810
9574;2.813812
9582;2.823815
9589;2.833817
9595;2.843820
9602;2.853824
9609;2.863827
9613;2.873830
9619;2.883831
9624;2.893834
9630;2.903838
9637;2.913841
9644;2.923845
9650;2.933849
9657;2.943852
9665;2.953855
9672;2.963855
9679;2.973857
9687;2.983859
9695;2.993863
9703;3.003864
9712;3.013867
9721;3.023870
9728;3.033874
9735;3.043877
9741;3.053878
9750;3.063881
9756;3.073885
9765;3.083888
9773;3.093889
9783;3.103889
9791;3.113892
9798;3.123896
9806;3.133898
9814;3.143900
9820;3.153903
9827;3.163906
9834;3.173907
9842;3.183910
9849;3.193914
9858;3.203914
9866;3.213917
9875;3.223918
9884;3.233921
9894;3.243925
9903;3.253928
9909;3.263932
9917;3.273935
9925;3.283936
9934;3.293939
9942;3.303943
9951;3.313945
9960;3.323946
9968;3.333950
9976;3.343950
9986;3.353954
9995;3.363957
10003;3.373961
10011;3.383964
10018;3.393967
10024;3.403968
10030;3.413971
10036;3.423972
10044;3.433976
10053;3.443979
10061;3.453983
10067;3.463986
10075;3.473987
10082;3.483987
10089;3.493990
10096;3.503991
10105;3.513991
10112;3.523994
10117;3.533997
10119;3.544003
10124;3.554004
10130;3.564006
10138;3.574007
10144;3.584011
10151;3.594014
10155;3.604015
10160;3.614018
10166;3.624022
10173;3.634025
10181;3.644029
10189;3.654030
10196;3.664032
10202;3.674036
10209;3.684036
10215;3.694040
10222;3.704041
10230;3.714043
10238;3.724047
10245;3.734048
10252;3.744052
10258;3.754054
10266;3.764054
10274;3.774058
10281;3.784062
10286;3.794065
10291;3.804069
10297;3.814072
10304;3.824075
10310;3.834076
10317;3.844079
10318;3.854083
10323;3.864087
10329;3.874090
10335;3.884094
10341;3.894097
10349;3.904100
10357;3.914101
10365;3.924104
10372;3.934108
10381;3.944109
10392;3.954112
10402;3.964116
10411;3.974119
10419;3.984123
10426;3.994124
10434;4.004127
10443;4.014129
10450;4.024134
10458;4.034138
10465;4.044138
10472;4.054140
10477;4.064144
10482;4.074147
10486;4.084149
10492;4.094151
10495;4.104152
10500;4.114155
10509;4.124159
10515;4.134162
10522;4.144162
10529;4.154166
10535;4.164167
10541;4.174169
10548;4.184173
10554;4.194173
10559;4.204174
10565;4.214177
10573;4.224181
10579;4.234184
10586;4.244184
10593;4.254189
10601;4.264190
10607;4.274192
10614;4.284196
10621;4.294199
10627;4.304200
10631;4.314203
10636;4.324206
10640;4.334209
10646;4.344213
10652;4.354216
10660;4.364221
10667;4.374221
10676;4.384224
10684;4.394228
10691;4.404228
10698;4.414231
10705;4.424231
10712;4.434237
10720;4.444241
10727;4.454241
10734;4.464245
10743;4.474249
10751;4.484252
10760;4.494255
10770;4.504258
10779;4.514259
10788;4.524263
10797;4.534266
10805;4.544270
10814;4.554270
10822;4.564274
10830;4.574274
10837;4.584277
10842;4.594280
10847;4.604282
10855;4.614284
10864;4.624288
10873;4.634292
10881;4.644296
10890;4.654299
10899;4.664302
10909;4.674305
10920;4.684306
10930;4.694309
10935;4.704310
10941;4.714314
10947;4.724317
10952;4.734320
10959;4.744324
10966;4.754328
10972;4.764329
10978;4.774331
10984;4.784335
10990;4.794336
10997;4.804339
11004;4.814342
11014;4.824346
11023;4.834349
11032;4.844353
11042;4.854355
11049;4.864356
11057;4.874360
11063;4.884360
11071;4.894364
11078;4.904365
11085;4.914368
11091;4.924371
11099;4.934371
11106;4.944375
11114;4.954378
11123;4.964382
11131;4.974385
11135;4.984389
11142;4.994393
11149;5.004393
11155;5.014396
11163;5.024399
11171;5.034403
11177;5.044403
11184;5.054404
11192;5.064407
11200;5.074411
11206;5.084414
11212;5.094418
11219;5.104421
11225;5.114425
11232;5.124428
11239;5.134432
11246;5.144436
11252;5.154439
11259;5.164439
11266;5.174443
11274;5.184446
11282;5.194448
11289;5.204450
11298;5.214453
11305;5.224454
11313;5.234457
11321;5.244461
11328;5.254465
11334;5.264468
11340;5.274470
11345;5.284472
11352;5.294475
11359;5.304480
11367;5.314483
11374;5.324486
11381;5.334486
11387;5.344490
11393;5.354493
11400;5.364494
11407;5.374496
11414;5.384500
11422;5.394501
11430;5.404505
11439;5.414508
11446;5.424508
11453;5.434511
11461;5.444515
11469;5.454517
11474;5.464519
11479;5.474522
11484;5.484523
11490;5.494526
11495;5.504530
11500;5.514533
11506;5.524537
11511;5.534537
11518;5.544540
11526;5.554544
11534;5.564545
11541;5.574548
11549;5.584551
11557;5.594555
11565;5.604555
11574;5.614558
11582;5.624559
11590;5.634562
11597;5.644562
11603;5.654563
11610;5.664567
11616;5.674570
11624;5.684573
11631;5.694577
11635;5.704578
11643;5.714580
11646;5.724584
11651;5.734584
11652;5.744585
11657;5.754589
11662;5.764592
11670;5.774595
11677;5.784598
11685;5.794602
11695;5.804603
11706;5.814606
11713;5.824607
11721;5.834610
11729;5.844613
11738;5.854616
11744;5.864620
11751;5.874623
11758;5.884627
11764;5.894631
11769;5.904632
11776;5.914635
11783;5.924639
11789;5.934642
11797;5.944645
11807;5.954649
11818;5.964650
11832;5.974652
11841;5.984656
11850;5.994657
11856;6.004661
11862;6.014664
11867;6.024667
11872;6.034667
11878;6.044669
11886;6.054671
11894;6.064674
11904;6.074675
11912;6.084675
11918;6.094679
11926;6.104679
11935;6.114682
11944;6.124685
11954;6.134688
11959;6.144689
11967;6.154693
11974;6.164694
11982;6.174697
11990;6.184701
11997;6.194703
12003;6.204704
12011;6.214708
12015;6.224710
12018;6.234714
12024;6.244718
12030;6.254719
12036;6.264719
12043;6.274722
12050;6.284725
12057;6.294729
12064;6.304732
12072;6.314733
12080;6.324736
12088;6.334737
12095;6.344741
12103;6.354744
12112;6.364747
12121;6.374750
12130;6.384754
12139;6.394756
12149;6.404759
12158;6.414761
12163;6.424762
12169;6.434766
12176;6.444769
12182;6.454773
12189;6.464776
12196;6.474778
12205;6.484780
12216;6.494783
12226;6.504785
12232;6.514787
12237;6.524791
12242;6.534791
12247;6.544794
12253;6.554797
12259;6.564800
12266;6.574802
12274;6.584805
12281;6.594806
12288;6.604807
12296;6.614810
12303;6.624813
12311;6.634816
12320;6.644819
12327;6.654820
12335;6.664823
12342;6.674827
12349;6.684831
12357;6.694831
12364;6.704835
12372;6.714838
12379;6.724841
12386;6.734843
12393;6.744845
12396;6.754849
12400;6.764849
12407;6.774853
12414;6.784856
12422;6.794860
12430;6.804860
12438;6.814861
12446;6.824862
12455;6.834864
12462;6.844867
12469;6.854868
12475;6.864871
12482;6.874875
12488;6.884878
12495;6.894881
12502;6.904882
12509;6.914885
12513;6.924889
12518;6.934890
12527;6.944893
12535;6.954896
12543;6.964900
12550;6.974900
12558;6.984903
12563;6.994904
12566;7.004908
12573;7.014911
12579;7.024911
12587;7.034915
12595;7.044918
12604;7.054922
12613;7.064925
12622;7.074928
12630;7.084929
12637;7.094932
12644;7.104933
12651;7.114936
12659;7.124940
12665;7.134940
12672;7.144943
12678;7.154946
12684;7.164950
12689;7.174950
12694;7.184954
12698;7.194955
12702;7.204955
12705;7.214958
12709;7.224962
12715;7.234965
12722;7.244967
12729;7.254969
12736;7.264969
12743;7.274973
12750;7.284977
12756;7.294980
12763;7.304981
12769;7.314984
12773;7.324986
12777;7.334989
12785;7.344991
12795;7.354994
12804;7.364998
12814;7.375004
12826;7.385006
12838;7.395008
12849;7.405008
12860;7.415010
12871;7.425012
12879;7.435015
12886;7.445019
12892;7.455019
12898;7.465023
12904;7.475026
12910;7.485026
12915;7.495030
12924;7.505033
12931;7.515036
12938;7.525040
12945;7.535044
12952;7.545048
12960;7.555051
12970;7.565055
12979;7.575058
12984;7.585058
12992;7.595059
12998;7.605062
13004;7.615065
13013;7.625069
13020;7.635073
13027;7.645076
13035;7.655080
13042;7.665083
13050;7.675085
13057;7.685086
13065;7.695093
13073;7.705094
13080;7.715095
13088;7.725098
13094;7.735102
13101;7.745105
13107;7.755106
13113;7.765108
13118;7.775108
13123;7.785112
13125;7.795113
13130;7.805114
13137;7.815117
13144;7.825120
13152;7.835124
13160;7.845127
13169;7.855130
13175;7.865134
13184;7.875135
13192;7.885138
13199;7.895138
13207;7.905142
13215;7.915145
13225;7.925146
13234;7.935147
13242;7.945148
13251;7.955152
13257;7.965154
13265;7.975156
13272;7.985160
13280;7.995163
13288;8.005167
13295;8.015171
13302;8.025173
13310;8.035177
13318;8.045178
13327;8.055181
13335;8.065185
13343;8.075190
13351;8.085192
13359;8.095194
13367;8.105195
13375;8.115196
13383;8.125199
13390;8.135200
13400;8.145204
13409;8.155207
13417;8.165210
13423;8.175214
13431;8.185217
13439;8.195221
13446;8.205221
13453;8.215225
13460;8.225229
13467;8.235233
13473;8.245238
13480;8.255238
13486;8.265240
13490;8.275244
13497;8.285245
13501;8.295249
13508;8.305250
13516;8.315250
13524;8.325253
13530;8.335256
13537;8.345260
13541;8.355262
13548;8.365266
13554;8.375267
13561;8.385271
13568;8.395274
13575;8.405275
13581;8.415278
13590;8.425282
13600;8.435285
13608;8.445286
13615;8.455288
13623;8.465292
13631;8.475296
13638;8.485296
13646;8.495300
13653;8.505301
13659;8.515303
13665;8.525307
13672;8.535310
13678;8.545310
13685;8.555314
13691;8.565314
13697;8.575318
13704;8.585322
13711;8.595325
13718;8.605329
13724;8.615331
13731;8.625332
13739;8.635336
13747;8.645336
13756;8.655340
13763;8.665340
13772;8.675343
13779;8.685347
13785;8.695350
13793;8.705354
13800;8.715357
13806;8.725361
13812;8.735361
13817;8.745365
13821;8.755365
13822;8.765368
13824;8.775372
13827;8.785375
13834;8.795376
13840;8.805376
13847;8.815380
13855;8.825383
13864;8.835387
13873;8.845390
13883;8.855394
13892;8.865396
13900;8.875400
13907;8.885401
13914;8.895404
13920;8.905406
13927;8.915408
13935;8.925412
13943;8.935412
13952;8.945415
13961;8.955417
13970;8.965419
13980;8.975423
13988;8.985424
13999;8.995427
14011;9.005428
14019;9.015430
14022;9.025434
14029;9.035435
14035;9.045439
14041;9.055441
14047;9.065444
14052;9.075446
14058;9.085448
14065;9.095452
14072;9.105453
14078;9.115456
14085;9.125457
14093;9.135462
14102;9.145463
14109;9.155466
14115;9.165467
14121;9.175470
14126;9.185474
14132;9.195477
14138;9.205478
14145;9.215480
14152;9.225481
14159;9.235484
14166;9.245486
14174;9.255489
14182;9.265492
14188;9.275496
14195;9.285499
14202;9.295503
14207;9.305504
14215;9.315506
14222;9.325510
14230;9.335511
14238;9.345514
14246;9.355514
14255;9.365518
14263;9.375521
14271;9.385522
14279;9.395525
14287;9.405525
14295;9.415529
14301;9.425533
14307;9.435536
14314;9.445539
14322;9.455539
14328;9.465541
14336;9.475544
14343;9.485546
14352;9.495550
14360;9.505552
14369;9.515554
14378;9.525557
14387;9.535561
14395;9.545564
14403;9.555565
14409;9.565568
14416;9.575571
14423;9.585572
14430;9.595576
14436;9.605580
14441;9.615582
14446;9.625586
14452;9.635588
14460;9.645591
14467;9.655593
14474;9.665597
14481;9.675598
14487;9.685601
14495;9.695604
14502;9.705608
14509;9.715611
14515;9.725614
14517;9.735618
14519;9.745622
14525;9.755623
14532;9.765623
14541;9.775626
14551;9.785629
14562;9.795633
14572;9.805634
14581;9.815636
14589;9.825637
14598;9.835640
14608;9.845641
14617;9.855645
14625;9.865648
14633;9.875651
14641;9.885655
14646;9.895657
14651;9.905660
14659;9.915662
14667;9.925665
14676;9.935666
14684;9.945670
14693;9.955673
14700;9.965676
14707;9.975678
14714;9.985681
14721;9.995683
14728;10.005684
14734;10.015686
14741;10.025689
14747;10.035693
14753;10.045696
14761;10.055699
14768;10.065701
14775;10.075705
14783;10.085707
14795;10.095710
14804;10.105711
14809;10.115714
14814;10.125718
14820;10.135721
14827;10.145725
14836;10.155727
14840;10.165728
14846;10.175732
14851;10.185732
14856;10.195736
14861;10.205740
14865;10.215743
14871;10.225746
14878;10.235748
14886;10.245752
14893;10.255754
14899;10.265757
14906;10.275758
14913;10.285761
14922;10.295765
14931;10.305765
14938;10.315768
14945;10.325770
14951;10.335772
14955;10.345775
14959;10.355779
14964;10.365783
14969;10.375786
14976;10.385790
14984;10.395793
14992;10.405795
15001;10.415795
15012;10.425797
15026;10.435801
15042;10.445801
15052;10.455805
15059;10.465808
15066;10.475808
15073;10.485812
15079;10.495813
15085;10.505816
15091;10.515819
15097;10.525819
15102;10.535823
15107;10.545826
15113;10.555830
15120;10.565830
15125;10.575832
15132;10.585832
15138;10.595834
15145;10.605835
15150;10.615838
15155;10.625838
15159;10.635842
15163;10.645845
15168;10.655848
15174;10.665850
15181;10.675852
15187;10.685856
15195;10.695859
15202;10.705860
15211;10.715863
15220;10.725867
15229;10.735870
15237;10.745872
15245;10.755875
15252;10.765877
15257;10.775881
15264;10.785881
15271;10.795885
15279;10.805886
15286;10.815888
15294;10.825892
15301;10.835893
15308;10.845897
15314;10.855899
15320;10.865903
15325;10.875903
15332;10.885907
15338;10.895910
15344;10.905914
15351;10.915917
15358;10.925919
15363;10.935921
15370;10.945924
15377;10.955928
15385;10.965932
15393;10.975935
15401;10.985939
15409;10.995942
15416;11.005944
15424;11.015947
15436;11.025949
15448;11.035953
15457;11.045953
15461;11.055957
15467;11.065957
15473;11.075960
15480;11.085964
15485;11.095965
15490;11.105968
15497;11.115971
15502;11.125975
15509;11.135979
15516;11.145982
15521;11.155982
15524;11.165986
15530;11.175987
15538;11.185991
15545;11.195993
15552;11.205993
15559;11.215997
15565;11.225997
15570;11.236000
15578;11.246006
15586;11.256006
15594;11.266008
15601;11.276010
15608;11.286014
15616;11.296014
15626;11.306018
15635;11.316021
15643;11.326025
15650;11.336028
15659;11.346030
15668;11.356033
15675;11.366036
15683;11.376039
15690;11.386039
15697;11.396043
15704;11.406043
15711;11.416046
15719;11.426050
15727;11.436051
15733;11.446054
15741;11.456057
15750;11.466061
15755;11.476061
15764;11.486065
15773;11.496068
15781;11.506072
15792;11.516073
15800;11.526077
15811;11.536079
15821;11.546082
15827;11.556086
15832;11.566090
15839;11.576094
15853;11.586097
15865;11.596100
15873;11.606103
15881;11.616105
15887;11.626108
15893;11.636111
15899;11.646112
15905;11.656115
15911;11.666118
15917;11.676122
15920;11.686124
15924;11.696127
15929;11.706130
15936;11.716133
15942;11.726138
15949;11.736140
15955;11.746143
15961;11.756147
15967;11.766150
15973;11.776152
15979;11.786155
15984;11.796158
15990;11.806158
15995;11.816161
16001;11.826165
16006;11.836165
16013;11.846169
16020;11.856170
16028;11.866174
16038;11.876176
16050;11.886176
16059;11.896180
16065;11.906184
16072;11.916189
16078;11.926190
16084;11.936194
16091;11.946196
16096;11.956198
16104;11.966201
16112;11.976205
16120;11.986209
16129;11.996212
16139;12.006213
16147;12.016216
16154;12.026219
16162;12.036221
16169;12.046223
16176;12.056227
16182;12.066231
16186;12.076234
16190;12.086240
16194;12.096240
16197;12.106244
16201;12.116245
16208;12.126248
16213;12.136250
16219;12.146251
16223;12.156255
16227;12.166258
16233;12.176262
16240;12.186265
16248;12.196265
16252;12.206268
16257;12.216269
16265;12.226273
16277;12.236273
16284;12.246277
16292;12.256280
16298;12.266280
16305;12.276284
16311;12.286286
16317;12.296290
16324;12.306292
16331;12.316295
16338;12.326298
16346;12.336302
16354;12.346305
16361;12.356309
16366;12.366312
16372;12.376314
16378;12.386316
1;12.396319
7;12.406323
14;12.416326
21;12.426329
27;12.436333
33;12.446336
39;12.456339
46;12.466342
55;12.476343
61;12.486347
66;12.496347
71;12.506348
78;12.516351
84;12.526351
89;12.536354
95;12.546357
101;12.556360
108;12.566362
114;12.576365
120;12.586369
126;12.596372
133;12.606373
140;12.616376
147;12.626379
154;12.636380
162;12.646383
169;12.656387
176;12.666387
183;12.676391
190;12.686391
196;12.696395
203;12.706395
209;12.716397
217;12.726398
224;12.736402
231;12.746405
238;12.756409
246;12.766413
256;12.776416
266;12.786420
276;12.796423
285;12.806427
294;12.816430
303;12.826434
311;12.836434
318;12.846438
326;12.856441
333;12.866442
342;12.876445
351;12.886448
360;12.896452
369;12.906453
378;12.916455
395;12.926459
406;12.936463
415;12.946465
423;12.956470
430;12.966470
437;12.976474
445;12.986477
451;12.996477
457;13.006479
463;13.016481
470;13.026485
477;13.036488
483;13.046492
493;13.056495
516;13.066495
517;13.076499
521;13.086502
526;13.096503
533;13.106507
539;13.116510
545;13.126510
551;13.136513
556;13.146517
560;13.156517
564;13.166521
571;13.176522
576;13.186525
582;13.196528
587;13.206528
592;13.216532
598;13.226535
605;13.236538
612;13.246542
617;13.256546
623;13.266547
630;13.276550
637;13.286553
643;13.296557
651;13.306558
659;13.316560
669;13.326563
677;13.336564
684;13.346568
691;13.356572
698;13.366575
705;13.376575
711;13.386579
716;13.396580
721;13.406582
727;13.416586
734;13.426589
741;13.436590
747;13.446594
755;13.456597
762;13.466600
769;13.476604
777;13.486606
782;13.496606
788;13.506608
794;13.516611
799;13.526612
805;13.536615
812;13.546618
817;13.556622
823;13.566622
829;13.576625
834;13.586629
837;13.596633
840;13.606634
844;13.616637
850;13.626640
859;13.636644
870;13.646646
876;13.656651
884;13.666654
893;13.676654
902;13.686658
910;13.696659
917;13.706659
924;13.716662
930;13.726665
935;13.736669
941;13.746671
948;13.756672
956;13.766676
964;13.776677
971;13.786681
977;13.796684
982;13.806688
988;13.816689
994;13.826694
1001;13.836697
1007;13.846701
1013;13.856705
1020;13.866706
1026;13.876709
1033;13.886713
1040;13.896715
1046;13.906716
1053;13.916719
1060;13.926720
1066;13.936723
1071;13.946724
1075;13.956728
1080;13.966731
1084;13.976735
1090;13.986737
1096;13.996739
1103;14.006742
1109;14.016745
1114;14.026748
1121;14.036749
1126;14.046753
1133;14.056756
1139;14.066759
1144;14.076762
1150;14.086763
1158;14.096768
1166;14.106767
1175;14.116770
1183;14.126771
1191;14.136774
1201;14.146778
1207;14.156781
1214;14.166782
1220;14.176783
1227;14.186785
1235;14.196788
1243;14.206790
1251;14.216793
1259;14.226796
1269;14.236800
1278;14.246803
1288;14.256804
1297;14.266804
1306;14.276807
1313;14.286807
1321;14.296811
1329;14.306815
1338;14.316818
1345;14.326821
1354;14.336825
1363;14.346829
1370;14.356832
1378;14.366835
1387;14.376836
1397;14.386840
1409;14.396843
1416;14.406847
1426;14.416850
1437;14.426852
1446;14.436856
1456;14.446856
1465;14.456861
1479;14.466861
1490;14.476865
1499;14.486868
1512;14.496871
1518;14.506874
1519;14.516878
1522;14.526879
1528;14.536882
1535;14.546883
1541;14.556886
1548;14.566890
1555;14.576890
1562;14.586894
1569;14.596894
1575;14.606897
1581;14.616897
1588;14.626901
1595;14.636901
1602;14.646905
1609;14.656905
1616;14.666909
1622;14.676912
1627;14.686913
1635;14.696916
1641;14.706916
1648;14.716920
1654;14.726923
1661;14.736927
1667;14.746930
1677;14.756934
1686;14.766935
1693;14.776937
1698;14.786941
1705;14.796944
1709;14.806945
1713;14.816948
1717;14.826952
1722;14.836952
1726;14.846955
1731;14.856956
1738;14.866960
1746;14.876963
1754;14.886966
1760;14.896970
1768;14.906974
1774;14.916977
1781;14.926977
1785;14.936980
1790;14.946984
1795;14.956985
1801;14.966988
1808;14.976992
1816;14.986992
1823;14.996995
1831;15.006996
1837;15.016999
1843;15.027000
1847;15.037005
1852;15.047006
1858;15.057009
1864;15.067009
1869;15.077013
1877;15.087016
1881;15.097020
1885;15.107021
1890;15.117022
1900;15.127023
1912;15.137027
1924;15.147028
1934;15.157031
1943;15.167034
1950;15.177038
1957;15.187041
1965;15.197045
1972;15.207049
1978;15.217052
1982;15.227052
1986;15.237056
1991;15.247056
1997;15.257060
2004;15.267063
2011;15.277067
2016;15.287067
2022;15.297070
2029;15.307074
2035;15.317078
2042;15.327081
2049;15.337085
2055;15.347088
2061;15.357094
2069;15.367094
2075;15.377096
2081;15.387099
2087;15.397099
2093;15.407100
2100;15.417103
2107;15.427107
2114;15.437110
2120;15.447110
2123;15.457114
2127;15.467117
2134;15.477117
2140;15.487122
2147;15.497125
2154;15.507126
2161;15.517129
2168;15.527132
2175;15.537135
2182;15.547138
2189;15.557139
2197;15.567142
2205;15.577143
2215;15.587147
2223;15.597150
2232;15.607151
2241;15.617154
2248;15.627154
2256;15.637156
2262;15.647157
2269;15.657161
2277;15.667162
2284;15.677165
2291;15.687165
2299;15.697169
2307;15.707170
2315;15.717174
2323;15.727176
2327;15.737179
2333;15.747180
2341;15.757183
2350;15.767189
2358;15.777190
2366;15.787194
2378;15.797195
2390;15.807197
2400;15.817198
2408;15.827201
2414;15.837202
2422;15.847206
2430;15.857209
2438;15.867213
2447;15.877214
2456;15.887217
2465;15.897219
2473;15.907220
2483;15.917223
2494;15.927227
2505;15.937231
2517;15.947234
2524;15.957240
2530;15.967244
2536;15.977245
2542;15.987247
2549;15.997251
2557;16.007252
2564;16.017256
2573;16.027258
2580;16.037258
2589;16.047262
2598;16.057264
2605;16.067268
2612;16.077269
2618;16.087273
2626;16.097277
2633;16.107277
2638;16.117279
2642;16.127283
2647;16.137285
2653;16.147289
2661;16.157291
2669;16.167294
2677;16.177298
2686;16.187298
2693;16.197298
2699;16.207302
2705;16.217306
2712;16.227306
2717;16.237309
2723;16.247313
2729;16.257317
2737;16.267321
2743;16.277321
2750;16.287325
2756;16.297327
2762;16.307329
2768;16.317331
2774;16.327333
2779;16.337337
2786;16.347338
2793;16.357342
2799;16.367346
2804;16.377350
2810;16.387352
2815;16.397352
2821;16.407354
2827;16.417356
2834;16.427357
2841;16.437361
2849;16.447363
2855;16.457363
2860;16.467363
2866;16.477367
2872;16.487371
2878;16.497374
2885;16.507376
2891;16.517378
2897;16.527380
2902;16.537382
2909;16.547382
2913;16.557386
2918;16.567389
2922;16.577393
2930;16.587393
2936;16.597393
2943;16.607393
2952;16.617397
2960;16.627398
2969;16.637402
2979;16.647404
2987;16.657406
2996;16.667408
3004;16.677410
3012;16.687412
3019;16.697414
3025;16.707417
3033;16.717419
3041;16.727423
3049;16.737425
3056;16.747429
3063;16.757429
3071;16.767433
3077;16.777433
3084;16.787436
3091;16.797440
3097;16.807442
3102;16.817444
3107;16.827444
3113;16.837448
3119;16.847448
3125;16.857452
3131;16.867456
3138;16.877460
3146;16.887465
3151;16.897467
3156;16.907469
3165;16.917473
3171;16.927477
3180;16.937479
3188;16.947479
3196;16.957483
3202;16.967487
3207;16.977491
3213;16.987494
3219;16.997496
3224;17.007496
3230;17.017500
3237;17.027500
3244;17.037504
3252;17.047506
3261;17.057507
3268;17.067511
3276;17.077513
3282;17.087517
3289;17.097521
3297;17.107519
3303;17.117519
3311;17.127523
3319;17.137527
3328;17.147528
3337;17.157532
3346;17.167534
3352;17.177538
3360;17.187538
3369;17.197540
3379;17.207541
3387;17.217545
3396;17.227545
3405;17.237545
3415;17.247547
3423;17.257547
3432;17.267550
3440;17.277554
3448;17.287556
3457;17.297558
3465;17.307562
3474;17.317564
3483;17.327568
3490;17.337570
3499;17.347574
3508;17.357576
3519;17.367580
3529;17.377584
3539;17.387589
3550;17.397589
3557;17.407591
3565;17.417591
3572;17.427595
3579;17.437595
3586;17.447599
3592;17.457602
3600;17.467604
3607;17.477608
3616;17.487612
3626;17.497612
3635;17.507614
3641;17.517616
3647;17.527620
3654;17.537622
3662;17.547625
3668;17.557629
3675;17.567631
3682;17.577633
3690;17.587635
3698;17.597637
3706;17.607639
3713;17.617643
3719;17.627644
3725;17.637644
3732;17.647648
3739;17.657652
3746;17.667656
3752;17.677656
3759;17.687660
3765;17.697662
3770;17.707664
3776;17.717669
3785;17.727669
3792;17.737673
3798;17.747671
3805;17.757675
3812;17.767677
3819;17.777679
3827;17.787683
3834;17.797684
3843;17.807686
3849;17.817688
3856;17.827692
3863;17.837696
3870;17.847698
3878;17.857700
3886;17.867702
3893;17.877707
3899;17.887709
3905;17.897709
3911;17.907711
3916;17.917713
3921;17.927713
3927;17.937716
3932;17.947720
3938;17.957720
3942;17.967722
3945;17.977722
3947;17.987724
3949;17.997728
3951;18.007732
3955;18.017736
3960;18.027737
3965;18.037741
3969;18.047745
3976;18.057743
3985;18.067747
3996;18.077751
4007;18.087753
4017;18.097757
4027;18.107759
4035;18.117762
4043;18.127764
4050;18.137768
4056;18.147768
4065;18.157768
4075;18.167772
4084;18.177776
4091;18.187780
4098;18.197784
4106;18.207785
4110;18.217787
4115;18.227791
4121;18.237795
4126;18.247795
4132;18.257797
4138;18.267799
4144;18.277803
4149;18.287804
4154;18.297808
4160;18.307812
4167;18.317812
4174;18.327816
4178;18.337820
4183;18.347824
4190;18.357826
4195;18.367826
4202;18.377831
4210;18.387833
4220;18.397837
4227;18.407839
4236;18.417839
4245;18.427839
4254;18.437843
4263;18.447844
4270;18.457848
4276;18.467852
4283;18.477856
4290;18.487856
4298;18.497860
4308;18.507860
4316;18.517864
4325;18.527866
4331;18.537868
4338;18.547873
4346;18.557875
4353;18.567877
4362;18.577881
4370;18.587885
4378;18.597887
4385;18.607887
4390;18.617889
4398;18.627892
4406;18.637896
4412;18.647900
4420;18.657900
4429;18.667904
4437;18.677906
4448;18.687910
4455;18.697912
4461;18.707916
4468;18.717920
4475;18.727924
4482;18.737928
4490;18.747932
4498;18.757936
4506;18.767939
4513;18.777939
4522;18.787939
4530;18.797943
4540;18.807945
4549;18.817947
4558;18.827950
4568;18.837952
4579;18.847952
4589;18.857956
4598;18.867960
4606;18.877964
4614;18.887964
4622;18.897968
4630;18.907969
4639;18.917973
4647;18.927977
4656;18.937979
4665;18.947983
4673;18.957983
4682;18.967983
4691;18.977987
4699;18.987988
4706;18.997992
4716;19.007994
4723;19.017996
4731;19.028000
4740;19.038006
4749;19.048006
4757;19.058008
4765;19.068010
4772;19.078012
4779;19.088017
4786;19.098021
4792;19.108021
4798;19.118025
4804;19.128029
4810;19.138029
4817;19.148031
4823;19.158035
4830;19.168036
4837;19.178040
4845;19.188042
4853;19.198046
4859;19.208048
4867;19.218048
4874;19.228048
4881;19.238050
4888;19.248051
4895;19.258055
4903;19.268057
4910;19.278059
4917;19.288063
4923;19.298067
4929;19.308067
4936;19.318071
4943;19.328075
4949;19.338076
4955;19.348080
4960;19.358082
4966;19.368086
4972;19.378086
4978;19.388090
4982;19.398094
4986;19.408094
4988;19.418097
4990;19.428099
4990;19.438101
4990;19.448105
4992;19.458109
4997;19.468107
5002;19.478111
5007;19.488115
5014;19.498119
5021;19.508120
5029;19.518124
5037;19.528126
5047;19.538130
5058;19.548132
5069;19.558138
5078;19.568140
5086;19.578144
5095;19.588148
5104;19.598148
5112;19.608149
5119;19.618153
5126;19.628157
5135;19.638159
5141;19.648159
5146;19.658163
5153;19.668163
5158;19.678167
5164;19.688169
5173;19.698172
5181;19.708174
5188;19.718176
5194;19.728180
5201;19.738184
5209;19.748190
5217;19.758188
5222;19.768192
5225;19.778193
5229;19.788197
5235;19.798201
5241;19.808205
5248;19.818207
5256;19.828207
5266;19.838211
5272;19.848211
5278;19.858215
5285;19.868216
5292;19.878220
5302;19.888224
5313;19.898228
5324;19.908228
5334;19.918232
5342;19.928234
5350;19.938240
5356;19.948244
5363;19.958248
5369;19.968252
5374;19.978256
5380;19.988258
5386;19.998260
5393;20.008265
5401;20.018265
5408;20.028269
5416;20.038269
5423;20.048271
5428;20.058271
5433;20.068275
5440;20.078279
5445;20.088280
5451;20.098284
5459;20.108284
5469;20.118288
5480;20.128292
5489;20.138296
5498;20.148298
5507;20.158300
5514;20.168304
5523;20.178305
5531;20.188309
5539;20.198307
5548;20.208311
5554;20.218315
5561;20.228319
5567;20.238319
5575;20.248323
5583;20.258327
5591;20.268330
5600;20.278334
5609;20.288334
5618;20.298338
5629;20.308342
5640;20.318344
5651;20.328348
5662;20.338352
5673;20.348352
5685;20.358356
5694;20.368357
5704;20.378361
5713;20.388365
5722;20.398369
5731;20.408367
5738;20.418369
5745;20.428371
5751;20.438375
5758;20.448380
5764;20.458384
5772;20.468384
5780;20.478388
5788;20.488392
5796;20.498394
5804;20.508396
5812;20.518400
5819;20.528402
5826;20.538404
5833;20.548407
5839;20.558411
5846;20.568411
5854;20.578413
5863;20.588415
5870;20.598419
5878;20.608419
5885;20.618423
5889;20.628428
5895;20.638432
5901;20.648436
5909;20.658440
5916;20.668442
5923;20.678442
5931;20.688446
5938;20.698448
5945;20.708450
5952;20.718452
5958;20.728456
5965;20.738457
5971;20.748461
5978;20.758465
5986;20.768469
5994;20.778473
6001;20.788471
6008;20.798471
6013;20.808475
6019;20.818478
6025;20.828482
6030;20.838484
6035;20.848488
6039;20.858492
6043;20.868496
6047;20.878496
6051;20.888496
6054;20.898500
6059;20.908504
6063;20.918509
6066;20.928513
6072;20.938515
6077;20.948519
6084;20.958521
6092;20.968521
6101;20.978523
6110;20.988527
6119;20.998531
6126;21.008533
6133;21.018536
6141;21.028540
6150;21.038544
6158;21.048544
6166;21.058544
6173;21.068548
6178;21.078550
6181;21.088554
6186;21.098557
6194;21.108559
6200;21.118561
6206;21.128565
6213;21.138565
6221;21.148567
6229;21.158571
6237;21.168575
6246;21.178579
6255;21.188581
6268;21.198586
6277;21.208588
6281;21.218590
6288;21.228594
6292;21.238596
6296;21.248600
6301;21.258604
6307;21.268604
6316;21.278608
6322;21.288609
6330;21.298613
6338;21.308613
6346;21.318617
6355;21.328619
6363;21.338619
6370;21.348623
6374;21.358624
6378;21.368626
6380;21.378630
6386;21.388630
6393;21.398634
6401;21.408636
6409;21.418636
6418;21.428640
6427;21.438643
6435;21.448643
6443;21.458645
6451;21.468643
6459;21.478647
6468;21.488649
6474;21.498652
6482;21.508654
6487;21.518656
6493;21.528656
6501;21.538660
6510;21.548664
6518;21.558668
6527;21.568672
6534;21.578676
6541;21.588676
6548;21.598680
6555;21.608685
6561;21.618687
6568;21.628689
6575;21.638693
6583;21.648691
6592;21.658695
6602;21.668699
6611;21.678703
6620;21.688705
6629;21.698709
6638;21.708712
6645;21.718712
6655;21.728716
6664;21.738718
6675;21.748720
6685;21.758724
6696;21.768728
6706;21.778728
6716;21.788733
6724;21.798735
6733;21.808737
6742;21.818741
6749;21.828745
6759;21.838747
6768;21.848749
6774;21.858751
6780;21.868753
6788;21.878754
6797;21.888756
6805;21.898760
6813;21.908762
6821;21.918764
6830;21.928768
6838;21.938772
6848;21.948776
6856;21.958776
6864;21.968781
6871;21.978783
6878;21.988785
6884;21.998783
6889;22.008783
6895;22.018787
6901;22.028790
6908;22.038792
6916;22.048796
6924;22.058796
6932;22.068800
6941;22.078802
6949;22.088804
6957;22.098808
6965;22.108809
6972;22.118813
6981;22.128813
6989;22.138817
6996;22.148821
7002;22.158823
7010;22.168823
7017;22.178827
7024;22.188829
7030;22.198833
7037;22.208834
7045;22.218836
7050;22.228842
7056;22.238844
7064;22.248848
7069;22.258848
7074;22.268852
7079;22.278856
7085;22.288858
7089;22.298862
7093;22.308865
7095;22.318867
7097;22.328871
7101;22.338869
7105;22.348873
7110;22.358875
7114;22.368879
7119;22.378883
7125;22.388887
7131;22.398891
7137;22.408892
7146;22.418896
7155;22.428896
7163;22.438900
7169;22.448902
7177;22.458906
7185;22.468908
7193;22.478909
7202;22.488913
7209;22.498913
7216;22.508913
7225;22.518915
7233;22.528919
7239;22.538923
7245;22.548927
7250;22.558929
7255;22.568932
7261;22.578936
7267;22.588938
7272;22.598942
7277;22.608946
7282;22.618948
7288;22.628952
7295;22.638956
7304;22.648956
7309;22.658960
7317;22.668964
7322;22.678968
7327;22.688972
7334;22.698975
7340;22.708979
7347;22.718981
7353;22.728985
7362;22.738989
7371;22.748987
7379;22.758991
7387;22.768991
7396;22.778996
7405;22.789000
7415;22.799004
7424;22.809006
7430;22.819006
7438;22.829008
7445;22.839008
7450;22.849012
7455;22.859016
7460;22.869020
7466;22.879025
7471;22.889029
7478;22.899031
7484;22.909035
7491;22.919037
7497;22.929039
7504;22.939041
7511;22.949043
7516;22.959044
7519;22.969048
7525;22.979052
7531;22.989052
7538;22.999056
7547;23.009056
7552;23.019060
7560;23.029064
7567;23.039068
7574;23.049070
7581;23.059074
7590;23.069077
7599;23.079081
7609;23.089081
7618;23.099079
7627;23.109081
7635;23.119083
7640;23.129087
7645;23.139093
7649;23.149096
7656;23.159100
7663;23.169104
7672;23.179106
7681;23.189108
7691;23.199110
7702;23.209114
7713;23.219116
7724;23.229120
7735;23.239124
7746;23.249128
7755;23.259129
7765;23.269133
7774;23.279133
7784;23.289131
7792;23.299135
7799;23.309137
7805;23.319139
7811;23.329142
7816;23.339142
7824;23.349146
7835;23.359146
7845;23.369150
7855;23.379154
7864;23.389156
7873;23.399160
7882;23.409161
7891;23.419165
7900;23.429165
7908;23.439167
7916;23.449167
7924;23.459171
7932;23.469175
7940;23.479179
7947;23.489182
7954;23.499186
7961;23.509190
7969;23.519190
7976;23.529192
7985;23.539194
7993;23.549198
8001;23.559200
8008;23.569204
8015;23.579208
8023;23.589211
8031;23.599213
8038;23.609217
8045;23.619221
8053;23.629225
8062;23.639225
8069;23.649229
8077;23.659233
8085;23.669235
8093;23.679237
8099;23.689240
8104;23.699244
8111;23.709244
8117;23.719248
8121;23.729250
8122;23.739254
8123;23.749256
8125;23.759260
8128;23.769260
8133;23.779261
8138;23.789265
8144;23.799263
8150;23.809265
8157;23.819267
8161;23.829268
8169;23.839272
8176;23.849276
8184;23.859276
8191;23.869280
8197;23.879280
8203;23.889284
8212;23.899284
8218;23.909288
8226;23.919291
8233;23.929293
8240;23.939297
8248;23.949299
8254;23.959297
8261;23.969301
8268;23.979301
8274;23.989305
8282;23.999308
8288;24.009312
8295;24.019316
8301;24.029316
8306;24.039320
8312;24.049320
8317;24.059324
8324;24.069324
8331;24.079329
8338;24.089333
8347;24.099333
8354;24.109331
8361;24.119335
8367;24.129337
8374;24.139341
8381;24.149345
8387;24.159348
8393;24.169352
8400;24.179356
8404;24.189360
8410;24.199364
8417;24.209364
8426;24.219368
8434;24.229372
8439;24.239374
8445;24.249376
8452;24.259380
8458;24.269384
8466;24.279388
8469;24.289389
8474;24.299393
8480;24.309397
8488;24.319401
8494;24.329399
8502;24.339403
8509;24.349403
8515;24.359407
8522;24.369410
8528;24.379412
8534;24.389416
8541;24.399420
8548;24.409422
8556;24.419424
8564;24.429428
8571;24.439432
8579;24.449434
8582;24.459438
8590;24.469442
8596;24.479446
8603;24.489447
8610;24.499449
8617;24.509449
8626;24.519451
8634;24.529455
8642;24.539455
8650;24.549459
8659;24.559460
8667;24.569464
8676;24.579468
8685;24.589468
8694;24.599472
8703;24.609472
8711;24.619476
8718;24.629480
8724;24.639481
8730;24.649485
8738;24.659487
8747;24.669487
8756;24.679491
8765;24.689493
8775;24.699497
8783;24.709499
8791;24.719503
8797;24.729504
8804;24.739508
8810;24.749512
8817;24.759516
8826;24.769518
8834;24.779520
8844;24.789524
8853;24.799524
8863;24.809528
8874;24.819530
8883;24.829533
8892;24.839533
8898;24.849535
8906;24.859539
8915;24.869541
8924;24.879541
8932;24.889544
8940;24.899544
8948;24.909546
8957;24.919548
8965;24.929548
8973;24.939552
8981;24.949556
8989;24.959558
8995;24.969563
9001;24.979567
9009;24.989571
9017;24.999573
9025;25.009575
9032;25.019575
9038;25.029579
9044;25.039583
9050;25.049587
9057;25.059591
9063;25.069592
9069;25.079596
9075;25.089598
9083;25.099600
9090;25.109602
9096;25.119606
9105;25.129608
9115;25.139608
9124;25.149611
9131;25.159611
9138;25.169615
9145;25.179615
9150;25.189617
9152;25.199619
9154;25.209621
9161;25.219624
9167;25.229624
9174;25.239628
9179;25.249628
9184;25.259632
9191;25.269636
9199;25.279636
9208;25.289637
9216;25.299641
9224;25.309645
9230;25.319647
9238;25.329651
9245;25.339653
9252;25.349655
9259;25.359655
9266;25.369659
9273;25.379662
9280;25.389664
9287;25.399664
9294;25.409664
9301;25.419668
9307;25.429672
9314;25.439676
9320;25.449680
9325;25.459681
9330;25.469685
9334;25.479685
9340;25.489685
9345;25.499689
9352;25.509691
9359;25.519693
9369;25.529696
9377;25.539700
9384;25.549704
9392;25.559704
9403;25.569708
9414;25.579708
9424;25.589708
9431;25.599712
9438;25.609713
9446;25.619717
9453;25.629721
9460;25.639719
9464;25.649721
9470;25.659725
9473;25.669729
9480;25.679733
9488;25.689737
9496;25.699739
9502;25.709740
9507;25.719742
9513;25.729744
9520;25.739748
9525;25.749748
9532;25.759748
9538;25.769753
9543;25.779757
9547;25.789761
9553;25.799761
9559;25.809765
9565;25.819763
9575;25.829765
9581;25.839767
9587;25.849771
9594;25.859772
9600;25.869776
9608;25.879776
9613;25.889780
9618;25.899784
9623;25.909786
9628;25.919788
9634;25.929789
9639;25.939791
9645;25.949793
9652;25.959791
9659;25.969795
9666;25.979797
9674;25.989801
9682;25.999804
9689;26.009804
9696;26.019808
9703;26.029808
9711;26.039812
9721;26.049814
9729;26.059816
9739;26.069820
9747;26.079824
9757;26.089825
9765;26.099827
9773;26.109827
9781;26.119829
9788;26.129831
9795;26.139835
9802;26.149839
9812;26.159840
9821;26.169844
9828;26.179848
9836;26.189848
9844;26.199852
9852;26.209852
9861;26.219856
9870;26.229856
9879;26.239861
9889;26.249865
9900;26.259867
9910;26.269869
9917;26.279871
9921;26.289875
9929;26.299879
9936;26.309883
9944;26.319885
9953;26.329887
9960;26.339891
9967;26.349894
9973;26.359898
9980;26.369902
9988;26.379904
9997;26.389908
10007;26.399910
10015;26.409912
10023;26.419914
10030;26.429916
10038;26.439920
10044;26.449924
10051;26.459929
10055;26.469933
10061;26.479935
10066;26.489937
10071;26.499941
10076;26.509943
10085;26.519943
10094;26.529947
10103;26.539951
10112;26.549955
10118;26.559956
10122;26.569958
10127;26.579960
10132;26.589964
10138;26.599968
10144;26.609968
10151;26.619972
10158;26.629974
10164;26.639978
10169;26.649979
10176;26.659981
10185;26.669985
10195;26.679983
10201;26.689987
10206;26.699991
10212;26.709991
10218;26.719995
10225;26.730000
10232;26.740005
10238;26.750006
10243;26.760008
10250;26.770010
10257;26.780012
10264;26.790012
10271;26.800016
10277;26.810019
10283;26.820021
10289;26.830023
10296;26.840023
10302;26.850027
10309;26.860027
10315;26.870031
10324;26.880035
10333;26.890039
10343;26.900042
10352;26.910046
10362;26.920048
10371;26.930052
10379;26.940052
10386;26.950056
10393;26.960060
10401;26.970064
10408;26.980068
10413;26.990072
10419;27.000074
10423;27.010077
10429;27.020079
10436;27.030083
10443;27.040085
10448;27.050083
10453;27.060087
10458;27.070093
10464;27.080095
10470;27.090096
10477;27.100100
10484;27.110100
10493;27.120104
10502;27.130108
10511;27.140112
10519;27.150114
10524;27.160114
10529;27.170116
10536;27.180119
10542;27.190123
10549;27.200125
10556;27.210129
10562;27.220133
10568;27.230139
10573;27.240137
10577;27.250139
10582;27.260141
10589;27.270144
10596;27.280148
10602;27.290150
10607;27.300154
10614;27.310156
10620;27.320158
10625;27.330160
10630;27.340164
10636;27.350168
10641;27.360170
10647;27.370173
10654;27.380177
10662;27.390181
10669;27.400183
10677;27.410185
10683;27.420185
10689;27.430189
10697;27.440191
10705;27.450193
10714;27.460196
10722;27.470198
10729;27.480200
10736;27.490204
10742;27.500208
10750;27.510210
10758;27.520212
10767;27.530216
10776;27.540220
10783;27.550224
10791;27.560228
10799;27.570230
10808;27.580235
10816;27.590240
10825;27.600241
10833;27.610245
10841;27.620249
10848;27.630249
10855;27.640253
10862;27.650255
10870;27.660259
10878;27.670263
10887;27.680264
10898;27.690268
10909;27.700272
10921;27.710272
10931;27.720276
10936;27.730280
10943;27.740284
10951;27.750286
10959;27.760288
10964;27.770292
10968;27.780294
10973;27.790297
10979;27.800301
10987;27.810303
10996;27.820305
11004;27.830307
11014;27.840311
11024;27.850311
11033;27.860315
11041;27.870319
11049;27.880322
11056;27.890322
11063;27.900326
11070;27.910328
11078;27.920328
11085;27.930332
11091;27.940336
11097;27.950340
11104;27.960340
11111;27.970345
11118;27.980349
11126;27.990353
11133;28.000357
11136;28.010355
11141;28.020357
11147;28.030359
11153;28.040359
11160;28.050362
11167;28.060366
11174;28.070366
11181;28.080370
11188;28.090372
11196;28.100376
11204;28.110378
11211;28.120380
11218;28.130381
11226;28.140385
11232;28.150389
11239;28.160393
11246;28.170397
11253;28.180397
11260;28.190399
11267;28.200403
11274;28.210403
11282;28.220407
11290;28.230412
11298;28.240412
11306;28.250416
11313;28.260420
11319;28.270424
11323;28.280426
11329;28.290428
11334;28.300430
11340;28.310432
11347;28.320435
11353;28.330439
11362;28.340443
11371;28.350445
11379;28.360449
11387;28.370453
11393;28.380455
11401;28.390455
11407;28.400459
11413;28.410460
11421;28.420464
11428;28.430468
11436;28.440470
11442;28.450472
11448;28.460474
11455;28.470476
11462;28.480476
11468;28.490480
11472;28.500484
11476;28.510487
11482;28.520489
11489;28.530493
11495;28.540491
11503;28.550495
11509;28.560499
11516;28.570503
11523;28.580503
11530;28.590508
11538;28.600508
11545;28.610512
11554;28.620512
11563;28.630514
11572;28.640516
11582;28.650518
11590;28.660521
11598;28.670525
11606;28.680529
11613;28.690533
11620;28.700537
11625;28.710535
11631;28.720539
11638;28.730539
11643;28.740543
11649;28.750544
11654;28.760548
11659;28.770550
11662;28.780554
11666;28.790556
11671;28.800558
11678;28.810560
11685;28.820564
11694;28.830568
11704;28.840572
11710;28.850573
11717;28.860577
11724;28.870581
11731;28.880583
11738;28.890583
11746;28.900587
11751;28.910589
11757;28.920591
11764;28.930595
11771;28.940599
11781;28.950603
11791;28.960608
11800;28.970608
11811;28.980610
11821;28.990612
11832;29.000616
11839;29.010616
11846;29.020620
11852;29.030621
11857;29.040625
11864;29.050625
11872;29.060627
11879;29.070631
11888;29.080631
11895;29.090635
11903;29.100636
11911;29.110638
11919;29.120640
11929;29.130644
11939;29.140646
11949;29.150650
11957;29.160652
11962;29.170656
11968;29.180660
11975;29.190662
11983;29.200666
11991;29.210669
11998;29.220669
12003;29.230673
12009;29.240671
12016;29.250675
12025;29.260679
12034;29.270679
12042;29.280684
12050;29.290686
12058;29.300688
12065;29.310690
12071;29.320692
12076;29.330696
12083;29.340696
12089;29.350700
12094;29.360701
12100;29.370705
12108;29.380707
12114;29.390707
12122;29.400711
12130;29.410713
12139;29.420715
12150;29.430716
12159;29.440720
12163;29.450720
12170;29.460724
12177;29.470728
12183;29.480730
12190;29.490732
12197;29.500736
12204;29.510736
12212;29.520741
12219;29.530741
12227;29.540745
12235;29.550745
12242;29.560749
12249;29.570751
12258;29.580753
12264;29.590755
12272;29.600760
12279;29.610762
12287;29.620764
12294;29.630768
12302;29.640768
12310;29.650772
12317;29.660774
12324;29.670776
12332;29.680780
12339;29.690783
12346;29.700785
12354;29.710789
12359;29.720791
12366;29.730791
12374;29.740795
12381;29.750795
12388;29.760799
12396;29.770803
12403;29.780807
12411;29.790808
12418;29.800812
12426;29.810812
12433;29.820816
12441;29.830816
12448;29.840816
12455;29.850821
12462;29.860821
12469;29.870825
12476;29.880825
12482;29.890829
12488;29.900831
12494;29.910833
12499;29.920835
12504;29.930836
12510;29.940840
12519;29.950844
12528;29.960848
12536;29.970852
12544;29.980856
12552;29.990858
12560;30.000860
12565;30.010860
12569;30.020863
12573;30.030867
12580;30.040867
12585;30.050869
12592;30.060871
12600;30.070875
12607;30.080879
12613;30.090883
12620;30.100883
12627;30.110888
12634;30.120892
12641;30.130896
12648;30.140896
12655;30.150900
12662;30.160902
12670;30.170904
12678;30.180904
12686;30.190907
12692;30.200907
12699;30.210907
12705;30.220909
12710;30.230913
12716;30.240915
12722;30.250919
12728;30.260923
12734;30.270924
12740;30.280928
12744;30.290932
12748;30.300936
12752;30.310940
12759;30.320942
12766;30.330944
12770;30.340948
12774;30.350952
12779;30.360956
12788;30.370960
12795;30.380960
12806;30.390965
12817;30.400969
12827;30.410973
12839;30.420975
12849;30.430977
12860;30.440979
12871;30.450979
12879;30.460983
12884;30.470984
12888;30.480988
12893;30.490992
12898;30.500996
12904;30.510996
12911;30.521000
12920;30.531000
12927;30.541004
12936;30.551006
12943;30.561007
12950;30.571011
12961;30.581013
12973;30.591017
12982;30.601015
12990;30.611015
12997;30.621019
13001;30.631023
13006;30.641024
13011;30.651028
13018;30.661032
13024;30.671036
13030;30.681038
13038;30.691042
13046;30.701042
13054;30.711044
13061;30.721046
13071;30.731050
13080;30.741053
13088;30.751053
13095;30.761055
13100;30.771059
13104;30.781063
13110;30.791063
13116;30.801067
13122;30.811068
13129;30.821072
13136;30.831076
13143;30.841078
13149;30.851082
13156;30.861084
13163;30.871086
13170;30.881088
13173;30.891094
13180;30.901094
13187;30.911097
13193;30.921101
13203;30.931105
13211;30.941109
13220;30.951111
13228;30.961117
13237;30.971117
13245;30.981119
13253;30.991121
13261;31.001123
13269;31.011126
13277;31.021128
13285;31.031132
13292;31.041132
13299;31.051138
13306;31.061140
13314;31.071144
13322;31.081148
13331;31.091150
13341;31.101152
13350;31.111155
13358;31.121157
13368;31.131159
13380;31.141159
13388;31.151163
13396;31.161167
13404;31.171171
13413;31.181171
13421;31.191175
13427;31.201180
13433;31.211180
13438;31.221184
13441;31.231184
13447;31.241188
13454;31.251190
13461;31.261190
13468;31.271194
13475;31.281197
13482;31.291201
13490;31.301203
13497;31.311201
13505;31.321205
13513;31.331207
13521;31.341211
13529;31.351215
13535;31.361219
13538;31.371222
13541;31.381226
13546;31.391228
13553;31.401230
13560;31.411232
13569;31.421234
13577;31.431240
13587;31.441244
13596;31.451248
13605;31.461250
13612;31.471252
13619;31.481256
13627;31.491257
13632;31.501259
13640;31.511259
13648;31.521261
13655;31.531263
13662;31.541267
13669;31.551271
13676;31.561272
13681;31.571276
13687;31.581280
13693;31.591284
13699;31.601288
13704;31.611292
13711;31.621294
13718;31.631296
13724;31.641300
13731;31.651304
13738;31.661304
13746;31.671309
13754;31.681313
13763;31.691317
13771;31.701321
13777;31.711319
13785;31.721321
13792;31.731323
13798;31.741325
13803;31.751329
13810;31.761333
13816;31.771336
13819;31.781340
13822;31.791344
13825;31.801348
13829;31.811348
13834;31.821352
13842;31.831356
13850;31.841360
13858;31.851362
13866;31.861364
13874;31.871368
13882;31.881372
13891;31.891376
13898;31.901377
13905;31.911375
13913;31.921379
13919;31.931383
13926;31.941387
13933;31.951391
13941;31.961393
13949;31.971394
13956;31.981400
13963;31.991398
13970;32.001404
13980;32.011402
13993;32.021404
14006;32.031406
14013;32.041412
14019;32.051414
14025;32.061417
14030;32.071419
14035;32.081421
14040;32.091423
14045;32.101429
14050;32.111431
14056;32.121433
14064;32.131435
14072;32.141441
14081;32.151440
14091;32.161446
14101;32.171448
14108;32.181446
14115;32.191452
14120;32.201454
14125;32.211456
14132;32.221458
14138;32.231461
14146;32.241459
14154;32.251465
14162;32.261463
14169;32.271469
14176;32.281471
14182;32.291473
14190;32.301476
14198;32.311478
14205;32.321480
14209;32.331482
14215;32.341484
14222;32.351486
14230;32.361492
14237;32.371494
14245;32.381500
14250;32.391502
14256;32.401505
14262;32.411507
14270;32.421513
14277;32.431511
14284;32.441513
14292;32.451519
14299;32.461521
14306;32.471523
14313;32.481529
14319;32.491531
14326;32.501534
14335;32.511532
14342;32.521538
14350;32.531540
14358;32.541542
14367;32.551544
14376;32.561550
14384;32.571552
14392;32.581551
14399;32.591557
14407;32.601559
14416;32.611565
14425;32.621567
14431;32.631573
14438;32.641575
14445;32.651581
14453;32.661583
14461;32.671581
14470;32.681587
14477;32.691586
14483;32.701588
14489;32.711594
14495;32.721592
14498;32.731594
14503;32.741600
14509;32.751598
14519;32.761604
14529;32.771603
14539;32.781609
14548;32.791611
14557;32.801617
14566;32.811615
14575;32.821621
14581;32.831623
14588;32.841621
14594;32.851627
14595;32.861626
14603;32.871628
14612;32.881634
14622;32.891636
14631;32.901634
14639;32.911640
14647;32.921638
14655;32.931644
14663;32.941647
14671;32.951649
14679;32.961651
14687;32.971653
14694;32.981655
14702;32.991653
14708;33.001656
14715;33.011662
14722;33.021664
14729;33.031666
14734;33.041668
14740;33.051670
14746;33.061672
14750;33.071674
14755;33.081676
14760;33.091679
14767;33.101685
14779;33.111683
14789;33.121689
14797;33.131691
14802;33.141693
14807;33.151695
14814;33.161697
14822;33.171700
14829;33.181705
14835;33.191708
14841;33.201710
14847;33.211716
14853;33.221714
14858;33.231720
14864;33.241722
14870;33.251728
14877;33.261730
14883;33.271732
14889;33.281738
14895;33.291740
14901;33.301743
14907;33.311745
14914;33.321747
14922;33.331753
14927;33.341755
14933;33.351757
14939;33.361759
14945;33.371761
14952;33.381763
14956;33.391769
14964;33.401772
14973;33.411774
14981;33.421776
14991;33.431782
15002;33.441780
15014;33.451782
15029;33.461784
15041;33.471786
15048;33.481792
15057;33.491795
15064;33.501801
15071;33.511799
15077;33.521805
15083;33.531807
15089;33.541809
15095;33.551815
15100;33.561817
15106;33.571819
15113;33.581825
15121;33.591827
15127;33.601833
15132;33.611832
15137;33.621838
15143;33.631836
15147;33.641838
15151;33.651840
15156;33.661846
15159;33.671848
15164;33.681847
15172;33.691856
15180;33.701855
15187;33.711857
15195;33.721859
15203;33.731865
15211;33.741867
15221;33.751873
15231;33.761871
15239;33.771877
15246;33.781879
15252;33.791882
15259;33.801880
15267;33.811882
15275;33.821888
15283;33.831886
15291;33.841888
15299;33.851891
15306;33.861897
15313;33.871895
15320;33.881901
15327;33.891903
15334;33.901909
15340;33.911907
15347;33.921913
15355;33.931911
15361;33.941917
15366;33.951920
15372;33.961922
15378;33.971924
15385;33.981930
15392;33.991928
15400;34.001930
15408;34.011932
15415;34.021935
15422;34.031937
15428;34.041939
15437;34.051945
15445;34.061943
15451;34.071949
15457;34.081951
15464;34.091957
15470;34.101959
15476;34.111961
15482;34.121960
15488;34.131969
15493;34.141968
15499;34.151974
15503;34.161976
15510;34.171982
15516;34.181984
15524;34.191982
15531;34.201988
15539;34.211987
15546;34.221992
15553;34.231991
15561;34.241997
15567;34.251999
15575;34.262005
15581;34.272003
15586;34.282009
15592;34.292007
15598;34.302013
15605;34.312012
15614;34.322018
15623;34.332020
15633;34.342026
15643;34.352024
15651;34.362026
15657;34.372028
15664;34.382030
15671;34.392033
15682;34.402031
15689;34.412037
15695;34.422035
15701;34.432041
15709;34.442043
15716;34.452049
15724;34.462048
15730;34.472054
15738;34.482056
15744;34.492058
15754;34.502060
15761;34.512058
15769;34.522064
15777;34.532063
15785;34.542068
15795;34.552071
15805;34.562073
15817;34.572071
15826;34.582077
15833;34.592079
15841;34.602085
15849;34.612083
15862;34.622089
15868;34.632088
15874;34.642097
15878;34.652096
15883;34.662094
15888;34.672100
15893;34.682102
15896;34.692104
15902;34.702106
15909;34.712109
15915;34.722111
15922;34.732113
15929;34.742119
15936;34.752121
15942;34.762123
15950;34.772129
15955;34.782127
15959;34.792133
15963;34.802135
15968;34.812141
15974;34.822144
15979;34.832146
15985;34.842148
15992;34.852154
15999;34.862156
16007;34.872154
16014;34.882156
16021;34.892159
16032;34.902164
16045;34.912163
16055;34.922169
16065;34.932171
16071;34.942173
16077;34.952175
16083;34.962177
16089;34.972176
16096;34.982185
16103;34.992184
16111;35.002193
16118;35.012192
16125;35.022190
16131;35.032196
16138;35.042198
16147;35.052204
16154;35.062202
16161;35.072208
16167;35.082211
16172;35.092216
16176;35.102215
16180;35.112221
16184;35.122219
16191;35.132221
16198;35.142223
16205;35.152225
16212;35.162228
16218;35.172234
16223;35.182240
16228;35.192245
16235;35.202248
16242;35.212250
16248;35.222252
16250;35.232250
16255;35.242256
16262;35.252258
16273;35.262264
16285;35.272266
16291;35.282272
16298;35.292271
16304;35.302273
16310;35.312275
16316;35.322281
16323;35.332279
16329;35.342285
16336;35.352287
16342;35.362289
16347;35.372292
16353;35.382298
16359;35.392296
16364;35.402302
16370;35.412300
16377;35.422302
0;35.432304
8;35.442307
17;35.452309
25;35.462311
32;35.472313
40;35.482311
47;35.492317
55;35.502319
61;35.512321
64;35.522324
69;35.532326
74;35.542328
80;35.552330
87;35.562332
94;35.572334
100;35.582340
107;35.592342
113;35.602345
119;35.612347
125;35.622349
133;35.632347
140;35.642353
148;35.652351
154;35.662354
162;35.672359
168;35.682362
177;35.692360
185;35.702358
193;35.712368
201;35.722366
207;35.732372
213;35.742374
219;35.752377
225;35.762379
232;35.772381
242;35.782383
252;35.792389
260;35.802391
269;35.812393
277;35.822392
285;35.832397
294;35.842400
302;35.852402
311;35.862400
319;35.872402
326;35.882408
